no,nilai,jual,beli,tanggal
1,1,15493,15339,12/29/2023 
2,1,15491,15337,12/28/2023 
3,1,15566,15412,12/27/2023 
4,1,15611,15455,12/22/2023 
5,1,15590,15434,12/21/2023 
6,1,15584,15428,12/20/2023 
7,1,15594,15438,12/19/2023 
8,1,15581,15425,12/18/2023 
9,1,15570,15416,12/15/2023 
10,1,15707,15551,12/14/2023 
11,1,15709,15553,12/13/2023 
12,1,15692,15536,12/12/2023 
13,1,15578,15423,12/11/2023 
14,1,15614,15458,12/8/2023 
15,1,15582,15426,12/7/2023 
16,1,15582,15426,12/6/2023 
17,1,15523,15369,12/5/2023 
18,1,15602,15446,12/4/2023 
19,1,15561,15407,12/1/2023 
20,1,15461,15307,11/30/2023 
21,1,15527,15373,11/29/2023 
22,1,15605,15449,11/28/2023 
23,1,15665,15509,11/27/2023 
24,1,15671,15515,11/24/2023 
25,1,15662,15506,11/23/2023 
26,1,15513,15359,11/22/2023 
27,1,15496,15342,11/21/2023 
28,1,15582,15426,11/20/2023 
29,1,15673,15517,11/17/2023 
30,1,15581,15425,11/16/2023 
31,1,15778,15621,11/15/2023 
32,1,15792,15634,11/14/2023 
33,1,15771,15615,11/13/2023 
34,1,15727,15571,11/10/2023 
35,1,15707,15551,11/9/2023 
36,1,15671,15515,11/8/2023 
37,1,15628,15472,11/7/2023 
38,1,15850,15692,11/6/2023 
39,1,15940,15782,11/3/2023 
40,1,16026,15866,11/2/2023 
41,1,15976,15818,11/1/2023 
42,1,15996,15836,10/31/2023 
43,1,16021,15861,10/30/2023 
44,1,16013,15853,10/27/2023 
45,1,15950,15792,10/26/2023 
46,1,15948,15790,10/25/2023 
47,1,16023,15863,10/24/2023 
48,1,15935,15777,10/23/2023 
49,1,15917,15759,10/20/2023 
50,1,15810,15652,10/19/2023 
51,1,15797,15639,10/18/2023 
52,1,15795,15637,10/17/2023 
53,1,15788,15630,10/16/2023 
54,1,15781,15623,10/13/2023 
55,1,15789,15631,10/12/2023 
56,1,15787,15629,10/11/2023 
57,1,15753,15597,10/10/2023 
58,1,15706,15550,10/9/2023 
59,1,15679,15523,10/6/2023 
60,1,15714,15558,10/5/2023 
61,1,15678,15522,10/4/2023 
62,1,15597,15441,10/3/2023 
63,1,15564,15410,10/2/2023 
64,1,15604,15448,9/29/2023 
65,1,15541,15387,9/27/2023 
66,1,15476,15322,9/26/2023 
67,1,15460,15306,9/25/2023 
68,1,15474,15320,9/22/2023 
69,1,15473,15319,9/21/2023 
70,1,15458,15304,9/20/2023 
71,1,15450,15296,9/19/2023 
72,1,15444,15290,9/18/2023 
73,1,15434,15280,9/15/2023 
74,1,15444,15290,9/14/2023 
75,1,15421,15267,9/13/2023 
76,1,15429,15275,9/12/2023 
77,1,15418,15264,9/11/2023 
78,1,15411,15257,9/8/2023 
79,1,15384,15230,9/7/2023 
80,1,15336,15184,9/6/2023 
81,1,15323,15171,9/5/2023 
82,1,15328,15176,9/4/2023 
83,1,15313,15161,9/1/2023 
84,1,15315,15163,8/31/2023 
85,1,15339,15187,8/30/2023 
86,1,15370,15218,8/29/2023 
87,1,15373,15221,8/28/2023 
88,1,15329,15177,8/25/2023 
89,1,15396,15242,8/24/2023 
90,1,15403,15249,8/23/2023 
91,1,15406,15252,8/22/2023 
92,1,15385,15231,8/21/2023 
93,1,15385,15231,8/18/2023 
94,1,15423,15269,8/16/2023 
95,1,15400,15246,8/15/2023 
96,1,15301,15149,8/14/2023 
97,1,15280,15128,8/11/2023 
98,1,15282,15130,8/10/2023 
99,1,15305,15153,8/9/2023 
100,1,15254,15102,8/8/2023 
101,1,15244,15092,8/7/2023 
102,1,15274,15122,8/4/2023 
103,1,15247,15095,8/3/2023 
104,1,15193,15041,8/2/2023 
105,1,15167,15017,8/1/2023 
106,1,15158,15008,7/31/2023 
107,1,15078,14928,7/28/2023 
108,1,15107,14957,7/27/2023 
109,1,15082,14932,7/26/2023 
110,1,15103,14953,7/25/2023 
111,1,15101,14951,7/24/2023 
112,1,15066,14916,7/21/2023 
113,1,15069,14919,7/20/2023 
114,1,15082,14932,7/18/2023 
115,1,15020,14870,7/17/2023 
116,1,15053,14903,7/14/2023 
117,1,15159,15009,7/13/2023 
118,1,15238,15086,7/12/2023 
119,1,15268,15116,7/11/2023 
120,1,15212,15060,7/10/2023 
121,1,15137,14987,7/7/2023 
122,1,15088,14938,7/6/2023 
123,1,15093,14943,7/5/2023 
124,1,15109,14959,7/4/2023 
125,1,15075,14925,7/3/2023 
126,1,15101,14951,6/27/2023 
127,1,15073,14923,6/26/2023 
128,1,14993,14843,6/23/2023 
129,1,15057,14907,6/22/2023 
130,1,15115,14965,6/21/2023 
131,1,15069,14919,6/20/2023 
132,1,15020,14870,6/19/2023 
133,1,15018,14868,6/16/2023 
134,1,14969,14821,6/15/2023 
135,1,14942,14794,6/14/2023 
136,1,14948,14800,6/13/2023 
137,1,14927,14779,6/12/2023 
138,1,14978,14828,6/9/2023 
139,1,14949,14801,6/8/2023 
140,1,14913,14765,6/7/2023 
141,1,14962,14814,6/6/2023 
142,1,15078,14928,6/5/2023 
143,1,15044,14894,5/31/2023 
144,1,15048,14898,5/30/2023 
145,1,15034,14884,5/29/2023 
146,1,15027,14877,5/26/2023 
147,1,14980,14830,5/25/2023 
148,1,14952,14804,5/24/2023 
149,1,14971,14823,5/23/2023 
150,1,15011,14861,5/22/2023 
151,1,14949,14801,5/19/2023 
152,1,14884,14736,5/17/2023 
153,1,14886,14738,5/16/2023 
154,1,14826,14678,5/15/2023 
155,1,14796,14648,5/12/2023 
156,1,14820,14672,5/11/2023 
157,1,14831,14683,5/10/2023 
158,1,14783,14635,5/9/2023 
159,1,14747,14601,5/8/2023 
160,1,14705,14559,5/5/2023 
161,1,14780,14632,5/4/2023 
162,1,14777,14629,5/3/2023 
163,1,14734,14588,5/2/2023 
164,1,14825,14677,4/28/2023 
165,1,14956,14808,4/27/2023 
166,1,14929,14781,4/26/2023 
167,1,14847,14699,4/18/2023 
168,1,14739,14593,4/17/2023 
169,1,14866,14718,4/14/2023 
170,1,14940,14792,4/13/2023 
171,1,14962,14814,4/12/2023 
172,1,14980,14830,4/11/2023 
173,1,15018,14868,4/10/2023 
174,1,15008,14858,4/6/2023 
175,1,14988,14838,4/5/2023 
176,1,15065,14915,4/4/2023 
177,1,15052,14902,4/3/2023 
178,1,15137,14987,3/31/2023 
179,1,15169,15019,3/30/2023 
180,1,15163,15013,3/29/2023 
181,1,15250,15098,3/28/2023 
182,1,15265,15113,3/27/2023 
183,1,15426,15272,3/24/2023 
184,1,15449,15295,3/21/2023 
185,1,15441,15287,3/20/2023 
186,1,15495,15341,3/17/2023 
187,1,15442,15288,3/16/2023 
188,1,15457,15303,3/15/2023 
189,1,15451,15297,3/14/2023 
190,1,15545,15391,3/13/2023 
191,1,15515,15361,3/10/2023 
192,1,15528,15374,3/9/2023 
193,1,15436,15282,3/8/2023 
194,1,15378,15225,3/7/2023 
195,1,15383,15229,3/6/2023 
196,1,15349,15197,3/3/2023 
197,1,15326,15174,3/2/2023 
198,1,15316,15164,3/1/2023 
199,1,15350,15198,2/28/2023 
200,1,15292,15140,2/27/2023 
201,1,15263,15111,2/24/2023 
202,1,15294,15142,2/23/2023 
203,1,15255,15103,2/22/2023 
204,1,15244,15092,2/21/2023 
205,1,15275,15123,2/20/2023 
206,1,15252,15100,2/17/2023 
207,1,15270,15118,2/16/2023 
208,1,15244,15092,2/15/2023 
209,1,15292,15140,2/14/2023 
210,1,15216,15064,2/13/2023 
211,1,15196,15044,2/10/2023 
212,1,15198,15046,2/9/2023 
213,1,15215,15063,2/8/2023 
214,1,15130,14980,2/7/2023 
215,1,14972,14824,2/6/2023 
216,1,14942,14794,2/3/2023 
217,1,15066,14916,2/2/2023 
218,1,15067,14917,2/1/2023 
219,1,15054,14904,1/31/2023 
220,1,15053,14903,1/30/2023 
221,1,15039,14889,1/27/2023 
222,1,15033,14883,1/26/2023 
223,1,15005,14855,1/25/2023 
224,1,15197,15045,1/24/2023 
225,1,15189,15037,1/20/2023 
226,1,15213,15061,1/19/2023 
227,1,15230,15078,1/18/2023 
228,1,15094,14944,1/17/2023 
229,1,15253,15101,1/16/2023 
230,1,15443,15289,1/13/2023 
231,1,15605,15449,1/12/2023 
232,1,15667,15511,1/11/2023 
233,1,15652,15496,1/10/2023 
234,1,15713,15557,1/9/2023 
235,1,15688,15532,1/6/2023 
236,1,15693,15537,1/5/2023 
237,1,15668,15512,1/4/2023 
238,1,15650,15494,1/3/2023 
239,1,15670,15514,1/2/2023 
240,1,15810,15652,12/30/2022 
241,1,15782,15624,12/29/2022 
242,1,15737,15581,12/28/2022 
243,1,15714,15558,12/27/2022 
244,1,15683,15527,12/26/2022 
245,1,15672,15516,12/23/2022 
246,1,15679,15523,12/22/2022 
247,1,15686,15530,12/21/2022 
248,1,15699,15543,12/20/2022 
249,1,15695,15539,12/19/2022 
250,1,15708,15552,12/16/2022 
251,1,15697,15541,12/15/2022 
252,1,15739,15583,12/14/2022 
253,1,15720,15564,12/13/2022 
254,1,15665,15509,12/12/2022 
255,1,15702,15546,12/9/2022 
256,1,15697,15541,12/8/2022 
257,1,15654,15498,12/7/2022 
258,1,15486,15332,12/6/2022 
259,1,15506,15352,12/5/2022 
260,1,15695,15539,12/2/2022 
261,1,15821,15663,12/1/2022 
262,1,15816,15658,11/30/2022 
263,1,15808,15650,11/29/2022 
264,1,15746,15590,11/28/2022 
265,1,15725,15569,11/25/2022 
266,1,15779,15622,11/24/2022 
267,1,15795,15637,11/23/2022 
268,1,15786,15628,11/22/2022 
269,1,15770,15614,11/21/2022 
270,1,15765,15609,11/18/2022 
271,1,15688,15532,11/17/2022 
272,1,15642,15486,11/16/2022 
273,1,15577,15422,11/15/2022 
274,1,15570,15416,11/14/2022 
275,1,15780,15623,11/11/2022 
276,1,15732,15576,11/10/2022 
277,1,15762,15606,11/9/2022 
278,1,15770,15614,11/8/2022 
279,1,15815,15657,11/7/2022 
280,1,15759,15603,11/4/2022 
281,1,15730,15574,11/3/2022 
282,1,15725,15569,11/2/2022 
283,1,15674,15518,11/1/2022 
284,1,15620,15464,10/31/2022 
285,1,15651,15495,10/28/2022 
286,1,15674,15518,10/27/2022 
287,1,15694,15538,10/26/2022 
288,1,15668,15512,10/25/2022 
289,1,15688,15532,10/24/2022 
290,1,15657,15501,10/21/2022 
291,1,15568,15414,10/20/2022 
292,1,15546,15392,10/19/2022 
293,1,15557,15403,10/18/2022 
294,1,15467,15313,10/17/2022 
295,1,15434,15280,10/14/2022 
296,1,15450,15296,10/13/2022 
297,1,15439,15285,10/12/2022 
298,1,15376,15223,10/11/2022 
299,1,15322,15170,10/10/2022 
300,1,15273,15121,10/7/2022 
301,1,15272,15120,10/6/2022 
302,1,15352,15200,10/5/2022 
303,1,15369,15217,10/4/2022 
304,1,15308,15156,10/3/2022 
305,1,15323,15171,9/30/2022 
306,1,15319,15167,9/29/2022 
307,1,15231,15079,9/28/2022 
308,1,15195,15043,9/27/2022 
309,1,15110,14960,9/26/2022 
310,1,15108,14958,9/23/2022 
311,1,15086,14936,9/22/2022 
312,1,15050,14900,9/21/2022 
313,1,15055,14905,9/20/2022 
314,1,15014,14864,9/19/2022 
315,1,14974,14825,9/16/2022 
316,1,14998,14848,9/15/2022 
317,1,14935,14787,9/14/2022 
318,1,14913,14765,9/13/2022 
319,1,14920,14772,9/12/2022 
320,1,14980,14830,9/9/2022 
321,1,15002,14852,9/8/2022 
322,1,14959,14811,9/7/2022 
323,1,14995,14845,9/6/2022 
324,1,14975,14826,9/5/2022 
325,1,14958,14810,9/2/2022 
326,1,14927,14779,9/1/2022 
327,1,14949,14801,8/31/2022 
328,1,14961,14813,8/30/2022 
329,1,14888,14740,8/29/2022 
330,1,14901,14753,8/26/2022 
331,1,14925,14777,8/25/2022 
332,1,14967,14819,8/24/2022 
333,1,14956,14808,8/23/2022 
334,1,14932,14784,8/22/2022 
335,1,14896,14748,8/19/2022 
336,1,14841,14693,8/18/2022 
337,1,14801,14653,8/16/2022 
338,1,14761,14615,8/15/2022 
339,1,14873,14725,8/12/2022 
340,1,14949,14801,8/11/2022 
341,1,14936,14788,8/10/2022 
342,1,14990,14840,8/9/2022 
343,1,14979,14829,8/8/2022 
344,1,15004,14854,8/5/2022 
345,1,14992,14842,8/4/2022 
346,1,14962,14814,8/3/2022 
347,1,14948,14800,8/2/2022 
348,1,14934,14786,8/1/2022 
349,1,15033,14883,7/29/2022 
350,1,15095,14945,7/28/2022 
351,1,15059,14909,7/27/2022 
352,1,15067,14917,7/26/2022 
353,1,15099,14949,7/25/2022 
354,1,15092,14942,7/22/2022 
355,1,15059,14909,7/21/2022 
356,1,15067,14917,7/20/2022 
357,1,15061,14911,7/19/2022 
358,1,15074,14924,7/18/2022 
359,1,15074,14924,7/15/2022 
360,1,15060,14910,7/14/2022 
361,1,15068,14918,7/13/2022 
362,1,15044,14894,7/12/2022 
363,1,15056,14906,7/11/2022 
364,1,15061,14911,7/8/2022 
365,1,15090,14940,7/7/2022 
366,1,15065,14915,7/6/2022 
367,1,15035,14885,7/5/2022 
368,1,15031,14881,7/4/2022 
369,1,14956,14808,7/1/2022 
370,1,14922,14774,6/30/2022 
371,1,14911,14763,6/29/2022 
372,1,14876,14728,6/28/2022 
373,1,14920,14772,6/27/2022 
374,1,14909,14761,6/24/2022 
375,1,14934,14786,6/23/2022 
376,1,14878,14730,6/22/2022 
377,1,14910,14762,6/21/2022 
378,1,14902,14754,6/20/2022 
379,1,14815,14667,6/17/2022 
380,1,14820,14672,6/16/2022 
381,1,14803,14655,6/15/2022 
382,1,14745,14599,6/14/2022 
383,1,14642,14496,6/13/2022 
384,1,14628,14482,6/10/2022 
385,1,14549,14405,6/9/2022 
386,1,14536,14392,6/8/2022 
387,1,14534,14390,6/7/2022 
388,1,14503,14359,6/6/2022 
389,1,14599,14453,6/3/2022 
390,1,14665,14519,6/2/2022 
391,1,14617,14471,5/31/2022 
392,1,14651,14505,5/30/2022 
393,1,14718,14572,5/27/2022 
394,1,14726,14580,5/25/2022 
395,1,14738,14592,5/24/2022 
396,1,14734,14588,5/23/2022 
397,1,14805,14657,5/20/2022 
398,1,14755,14609,5/19/2022 
399,1,14724,14578,5/18/2022 
400,1,14692,14546,5/17/2022 
401,1,14658,14512,5/13/2022 
402,1,14619,14473,5/12/2022 
403,1,14619,14473,5/11/2022 
404,1,14607,14461,5/10/2022 
405,1,14552,14408,5/9/2022 
406,1,14490,14346,4/28/2022 
407,1,14484,14340,4/27/2022 
408,1,14524,14380,4/26/2022 
409,1,14433,14289,4/25/2022 
410,1,14420,14276,4/22/2022 
411,1,14423,14279,4/21/2022 
412,1,14419,14275,4/20/2022 
413,1,14428,14284,4/19/2022 
414,1,14421,14277,4/18/2022 
415,1,14431,14287,4/14/2022 
416,1,14436,14292,4/13/2022 
417,1,14442,14298,4/12/2022 
418,1,14437,14293,4/11/2022 
419,1,14431,14287,4/8/2022 
420,1,14436,14292,4/7/2022 
421,1,14420,14276,4/6/2022 
422,1,14434,14290,4/5/2022 
423,1,14436,14292,4/4/2022 
424,1,14429,14285,4/1/2022 
425,1,14421,14277,3/31/2022 
426,1,14436,14292,3/30/2022 
427,1,14432,14288,3/29/2022 
428,1,14413,14269,3/28/2022 
429,1,14433,14289,3/25/2022 
430,1,14423,14279,3/24/2022 
431,1,14430,14286,3/23/2022 
432,1,14413,14269,3/22/2022 
433,1,14412,14268,3/21/2022 
434,1,14361,14219,3/18/2022 
435,1,14383,14239,3/17/2022 
436,1,14393,14249,3/16/2022 
437,1,14400,14256,3/15/2022 
438,1,14378,14234,3/14/2022 
439,1,14369,14227,3/11/2022 
440,1,14443,14299,3/10/2022 
441,1,14466,14322,3/9/2022 
442,1,14483,14339,3/8/2022 
443,1,14455,14311,3/7/2022 
444,1,14445,14301,3/4/2022 
445,1,14422,14278,3/2/2022 
446,1,14441,14297,3/1/2022 
447,1,14443,14299,2/25/2022 
448,1,14427,14283,2/24/2022 
449,1,14434,14290,2/23/2022 
450,1,14401,14257,2/22/2022 
451,1,14411,14267,2/21/2022 
452,1,14373,14230,2/18/2022 
453,1,14349,14207,2/17/2022 
454,1,14363,14221,2/16/2022 
455,1,14410,14266,2/15/2022 
456,1,14431,14287,2/14/2022 
457,1,14416,14272,2/11/2022 
458,1,14438,14294,2/10/2022 
459,1,14457,14313,2/9/2022 
460,1,14476,14332,2/8/2022 
461,1,14448,14304,2/7/2022 
462,1,14453,14309,2/4/2022 
463,1,14419,14275,2/3/2022 
464,1,14464,14320,2/2/2022 
465,1,14453,14309,1/31/2022 
466,1,14457,14313,1/28/2022 
467,1,14418,14274,1/27/2022 
468,1,14430,14286,1/26/2022 
469,1,14399,14255,1/25/2022 
470,1,14419,14275,1/24/2022 
471,1,14426,14282,1/21/2022 
472,1,14442,14298,1/20/2022 
473,1,14397,14253,1/19/2022 
474,1,14395,14251,1/18/2022 
475,1,14382,14238,1/17/2022 
476,1,14383,14239,1/14/2022 
477,1,14374,14230,1/13/2022 
478,1,14371,14228,1/12/2022 
479,1,14395,14251,1/11/2022 
480,1,14432,14288,1/10/2022 
481,1,14468,14324,1/7/2022 
482,1,14437,14293,1/6/2022 
483,1,14382,14238,1/5/2022 
484,1,14341,14199,1/4/2022 
485,1,14349,14207,1/3/2022 
486,1,14340,14198,12/31/2021 
487,1,14336,14194,12/30/2021 
488,1,14308,14166,12/29/2021 
489,1,14296,14154,12/28/2021 
490,1,14290,14148,12/27/2021 
491,1,14322,14180,12/24/2021 
492,1,14335,14193,12/23/2021 
493,1,14421,14277,12/22/2021 
494,1,14456,14312,12/21/2021 
495,1,14415,14271,12/20/2021 
496,1,14415,14271,12/17/2021 
497,1,14409,14265,12/16/2021 
498,1,14420,14276,12/15/2021 
499,1,14418,14274,12/14/2021 
500,1,14450,14306,12/13/2021 
501,1,14423,14279,12/10/2021 
502,1,14420,14276,12/9/2021 
503,1,14480,14336,12/8/2021 
504,1,14513,14369,12/7/2021 
505,1,14480,14336,12/6/2021 
506,1,14450,14306,12/3/2021 
507,1,14425,14281,12/2/2021 
508,1,14392,14248,12/1/2021 
509,1,14412,14268,11/30/2021 
510,1,14351,14209,11/29/2021 
511,1,14351,14209,11/26/2021 
512,1,14343,14201,11/25/2021 
513,1,14343,14201,11/24/2021 
514,1,14326,14184,11/23/2021 
515,1,14308,14166,11/22/2021 
516,1,14302,14160,11/19/2021 
517,1,14330,14188,11/18/2021 
518,1,14282,14140,11/17/2021 
519,1,14277,14135,11/16/2021 
520,1,14314,14172,11/15/2021 
521,1,14359,14217,11/12/2021 
522,1,14324,14182,11/11/2021 
523,1,14304,14162,11/10/2021 
524,1,14339,14197,11/9/2021 
525,1,14446,14302,11/8/2021 
526,1,14399,14255,11/5/2021 
527,1,14373,14230,11/4/2021 
528,1,14332,14190,11/3/2021 
529,1,14306,14164,11/2/2021 
530,1,14242,14100,11/1/2021 
531,1,14270,14128,10/29/2021 
532,1,14255,14113,10/28/2021 
533,1,14236,14094,10/27/2021 
534,1,14254,14112,10/26/2021 
535,1,14233,14091,10/25/2021 
536,1,14204,14062,10/22/2021 
537,1,14150,14010,10/21/2021 
538,1,14166,14026,10/19/2021 
539,1,14154,14014,10/18/2021 
540,1,14226,14084,10/15/2021 
541,1,14292,14150,10/14/2021 
542,1,14288,14146,10/13/2021 
543,1,14281,14139,10/12/2021 
544,1,14296,14154,10/11/2021 
545,1,14309,14167,10/8/2021 
546,1,14316,14174,10/7/2021 
547,1,14331,14189,10/6/2021 
548,1,14347,14205,10/5/2021 
549,1,14387,14243,10/4/2021 
550,1,14393,14249,10/1/2021 
551,1,14379,14235,9/30/2021 
552,1,14340,14198,9/29/2021 
553,1,14329,14187,9/28/2021 
554,1,14321,14179,9/27/2021 
555,1,14327,14185,9/24/2021 
556,1,14320,14178,9/23/2021 
557,1,14315,14173,9/22/2021 
558,1,14322,14180,9/21/2021 
559,1,14304,14162,9/20/2021 
560,1,14309,14167,9/17/2021 
561,1,14323,14181,9/16/2021 
562,1,14328,14186,9/15/2021 
563,1,14331,14189,9/14/2021 
564,1,14296,14154,9/13/2021 
565,1,14343,14201,9/10/2021 
566,1,14337,14195,9/9/2021 
567,1,14266,14124,9/8/2021 
568,1,14310,14168,9/7/2021 
569,1,14332,14190,9/6/2021 
570,1,14352,14210,9/3/2021 
571,1,14355,14213,9/2/2021 
572,1,14378,14234,9/1/2021 
573,1,14446,14302,8/31/2021 
574,1,14503,14359,8/30/2021 
575,1,14495,14351,8/27/2021 
576,1,14480,14336,8/26/2021 
577,1,14463,14319,8/25/2021 
578,1,14487,14343,8/24/2021 
579,1,14536,14392,8/23/2021 
580,1,14486,14342,8/20/2021 
581,1,14456,14312,8/19/2021 
582,1,14455,14311,8/18/2021 
583,1,14460,14316,8/16/2021 
584,1,14461,14317,8/13/2021 
585,1,14469,14325,8/12/2021 
586,1,14450,14306,8/10/2021 
587,1,14441,14297,8/9/2021 
588,1,14414,14270,8/6/2021 
589,1,14396,14252,8/5/2021 
590,1,14434,14290,8/4/2021 
591,1,14528,14384,8/3/2021 
592,1,14534,14390,8/2/2021 
593,1,14563,14419,7/30/2021 
594,1,14570,14426,7/29/2021 
595,1,14561,14417,7/28/2021 
596,1,14566,14422,7/27/2021 
597,1,14574,14429,7/26/2021 
598,1,14581,14435,7/23/2021 
599,1,14627,14481,7/22/2021 
600,1,14597,14451,7/21/2021 
601,1,14590,14444,7/19/2021 
602,1,14576,14430,7/16/2021 
603,1,14565,14421,7/15/2021 
604,1,14558,14414,7/14/2021 
605,1,14558,14414,7/13/2021 
606,1,14621,14475,7/12/2021 
607,1,14621,14475,7/9/2021 
608,1,14573,14428,7/8/2021 
609,1,14540,14396,7/7/2021 
610,1,14554,14410,7/6/2021 
611,1,14637,14491,7/5/2021 
612,1,14612,14466,7/2/2021 
613,1,14615,14469,7/1/2021 
614,1,14568,14424,6/30/2021 
615,1,14544,14400,6/29/2021 
616,1,14519,14375,6/28/2021 
617,1,14534,14390,6/25/2021 
618,1,14526,14382,6/24/2021 
619,1,14493,14349,6/23/2021 
620,1,14525,14381,6/22/2021 
621,1,14475,14331,6/21/2021 
622,1,14450,14306,6/18/2021 
623,1,14328,14186,6/17/2021 
624,1,14315,14173,6/16/2021 
625,1,14293,14151,6/15/2021 
626,1,14277,14135,6/14/2021 
627,1,14311,14169,6/11/2021 
628,1,14333,14191,6/10/2021 
629,1,14333,14191,6/9/2021 
630,1,14342,14200,6/8/2021 
631,1,14388,14244,6/7/2021 
632,1,14368,14226,6/4/2021 
633,1,14347,14205,6/3/2021 
634,1,14363,14221,6/2/2021 
635,1,14382,14238,6/1/2021 
636,1,14382,14238,5/31/2021 
637,1,14384,14240,5/28/2021 
638,1,14407,14263,5/27/2021 
639,1,14434,14290,5/26/2021 
640,1,14434,14290,5/25/2021 
641,1,14447,14303,5/24/2021 
642,1,14468,14324,5/21/2021 
643,1,14385,14241,5/20/2021 
644,1,14372,14229,5/19/2021 
645,1,14355,14213,5/18/2021 
646,1,14274,14132,5/17/2021 
647,1,14269,14127,5/14/2021 
648,1,14269,14127,5/13/2021 
649,1,14269,14127,5/12/2021 
650,1,14269,14127,5/11/2021 
651,1,14360,14218,5/10/2021 
652,1,14436,14292,5/7/2021 
653,1,14511,14367,5/6/2021 
654,1,14503,14359,5/5/2021 
655,1,14539,14395,5/4/2021 
656,1,14525,14381,5/3/2021 
657,1,14540,14396,4/30/2021 
658,1,14583,14437,4/29/2021 
659,1,14569,14425,4/28/2021 
660,1,14561,14417,4/27/2021 
661,1,14621,14475,4/26/2021 
662,1,14603,14457,4/23/2021 
663,1,14622,14476,4/22/2021 
664,1,14581,14435,4/21/2021 
665,1,14641,14495,4/20/2021 
666,1,14665,14519,4/19/2021 
667,1,14719,14573,4/16/2021 
668,1,14706,14560,4/15/2021 
669,1,14721,14575,4/14/2021 
670,1,14704,14558,4/13/2021 
671,1,14653,14507,4/12/2021 
672,1,14653,14507,4/9/2021 
673,1,14586,14440,4/8/2021 
674,1,14592,14446,4/7/2021 
675,1,14606,14460,4/6/2021 
676,1,14657,14511,4/5/2021 
677,1,14650,14504,4/2/2021 
678,1,14650,14504,4/1/2021 
679,1,14645,14499,3/31/2021 
680,1,14553,14409,3/30/2021 
681,1,14506,14362,3/29/2021 
682,1,14518,14374,3/26/2021 
683,1,14536,14392,3/25/2021 
684,1,14527,14383,3/24/2021 
685,1,14493,14349,3/23/2021 
686,1,14528,14384,3/22/2021 
687,1,14548,14404,3/19/2021 
688,1,14484,14340,3/18/2021 
689,1,14531,14387,3/17/2021 
690,1,14496,14352,3/16/2021 
691,1,14490,14346,3/15/2021 
692,1,14443,14299,3/12/2021 
693,1,14493,14349,3/11/2021 
694,1,14493,14349,3/10/2021 
695,1,14540,14396,3/9/2021 
696,1,14462,14318,3/8/2021 
697,1,14443,14299,3/5/2021 
698,1,14371,14228,3/4/2021 
699,1,14406,14262,3/3/2021 
700,1,14379,14235,3/2/2021 
701,1,14372,14229,3/1/2021 
702,1,14300,14158,2/26/2021 
703,1,14175,14033,2/25/2021 
704,1,14159,14019,2/24/2021 
705,1,14197,14055,2/23/2021 
706,1,14168,14028,2/22/2021 
707,1,14155,14015,2/19/2021 
708,1,14129,13989,2/18/2021 
709,1,14089,13949,2/17/2021 
710,1,13944,13806,2/16/2021 
711,1,14016,13876,2/15/2021 
712,1,14081,13941,2/12/2021 
713,1,14081,13941,2/11/2021 
714,1,14059,13919,2/10/2021 
715,1,14070,13930,2/9/2021 
716,1,14070,13930,2/8/2021 
717,1,14132,13992,2/5/2021 
718,1,14106,13966,2/4/2021 
719,1,14087,13947,2/3/2021 
720,1,14114,13974,2/2/2021 
721,1,14112,13972,2/1/2021 
722,1,14154,14014,1/29/2021 
723,1,14190,14048,1/28/2021 
724,1,14161,14021,1/27/2021 
725,1,14156,14016,1/26/2021 
726,1,14152,14012,1/25/2021 
727,1,14124,13984,1/22/2021 
728,1,14109,13969,1/21/2021 
729,1,14135,13995,1/20/2021 
730,1,14156,14016,1/19/2021 
731,1,14150,14010,1/18/2021 
732,1,14138,13998,1/15/2021 
733,1,14190,14048,1/14/2021 
734,1,14180,14038,1/13/2021 
735,1,14302,14160,1/12/2021 
736,1,14226,14084,1/11/2021 
737,1,14128,13988,1/8/2021 
738,1,14008,13868,1/7/2021 
739,1,13996,13856,1/6/2021 
740,1,14015,13875,1/5/2021 
741,1,13973,13833,1/4/2021 
742,1,14176,14034,12/31/2020 
743,1,14176,14034,12/30/2020 
744,1,14240,14098,12/29/2020 
745,1,14255,14113,12/28/2020 
746,1,14353,14211,12/25/2020 
747,1,14353,14211,12/24/2020 
748,1,14353,14211,12/23/2020 
749,1,14289,14147,12/22/2020 
750,1,14251,14109,12/21/2020 
751,1,14217,14075,12/18/2020 
752,1,14223,14081,12/17/2020 
753,1,14222,14080,12/16/2020 
754,1,14242,14100,12/15/2020 
755,1,14229,14087,12/14/2020 
756,1,14173,14031,12/11/2020 
757,1,14201,14059,12/10/2020 
758,1,14235,14093,12/9/2020 
759,1,14235,14093,12/8/2020 
760,1,14206,14064,12/7/2020 
761,1,14253,14111,12/4/2020 
762,1,14248,14106,12/3/2020 
763,1,14235,14093,12/2/2020 
764,1,14249,14107,12/1/2020 
765,1,14199,14057,11/30/2020 
766,1,14216,14074,11/27/2020 
767,1,14201,14059,11/26/2020 
768,1,14240,14098,11/25/2020 
769,1,14267,14125,11/24/2020 
770,1,14235,14093,11/23/2020 
771,1,14299,14157,11/20/2020 
772,1,14238,14096,11/19/2020 
773,1,14189,14047,11/18/2020 
774,1,14143,14003,11/17/2020 
775,1,14210,14068,11/16/2020 
776,1,14293,14151,11/13/2020 
777,1,14258,14116,11/12/2020 
778,1,14146,14006,11/11/2020 
779,1,14085,13945,11/10/2020 
780,1,14243,14101,11/9/2020 
781,1,14393,14249,11/6/2020 
782,1,14511,14367,11/5/2020 
783,1,14630,14484,11/4/2020 
784,1,14682,14536,11/3/2020 
785,1,14792,14644,11/2/2020 
786,1,14763,14617,10/30/2020 
787,1,14763,14617,10/29/2020 
788,1,14763,14617,10/28/2020 
789,1,14763,14617,10/27/2020 
790,1,14770,14624,10/26/2020 
791,1,14812,14664,10/23/2020 
792,1,14770,14624,10/22/2020 
793,1,14731,14585,10/21/2020 
794,1,14803,14655,10/20/2020 
795,1,14815,14667,10/19/2020 
796,1,14840,14692,10/16/2020 
797,1,14834,14686,10/15/2020 
798,1,14854,14706,10/14/2020 
799,1,14867,14719,10/13/2020 
800,1,14820,14672,10/12/2020 
801,1,14811,14663,10/9/2020 
802,1,14824,14676,10/8/2020 
803,1,14858,14710,10/7/2020 
804,1,14786,14638,10/6/2020 
805,1,14941,14793,10/5/2020 
806,1,14964,14816,10/2/2020 
807,1,14950,14802,10/1/2020 
808,1,14993,14843,9/30/2020 
809,1,14995,14845,9/29/2020 
810,1,15034,14884,9/28/2020 
811,1,15026,14876,9/25/2020 
812,1,15024,14874,9/24/2020 
813,1,14909,14761,9/23/2020 
814,1,14856,14708,9/22/2020 
815,1,14797,14649,9/21/2020 
816,1,14842,14694,9/18/2020 
817,1,14952,14804,9/17/2020 
818,1,14918,14770,9/16/2020 
819,1,14944,14796,9/15/2020 
820,1,15049,14899,9/14/2020 
821,1,15054,14904,9/11/2020 
822,1,14945,14797,9/10/2020 
823,1,14927,14779,9/9/2020 
824,1,14872,14724,9/8/2020 
825,1,14828,14680,9/7/2020 
826,1,14866,14718,9/4/2020 
827,1,14892,14744,9/3/2020 
828,1,14878,14730,9/2/2020 
829,1,14688,14542,9/1/2020 
830,1,14627,14481,8/31/2020 
831,1,14776,14628,8/28/2020 
832,1,14788,14640,8/27/2020 
833,1,14709,14563,8/26/2020 
834,1,14705,14559,8/25/2020 
835,1,14868,14720,8/24/2020 
836,1,14860,14712,8/19/2020 
837,1,14982,14832,8/18/2020 
838,1,14992,14842,8/14/2020 
839,1,14951,14803,8/13/2020 
840,1,14851,14703,8/12/2020 
841,1,14802,14654,8/11/2020 
842,1,14824,14676,8/10/2020 
843,1,14720,14574,8/7/2020 
844,1,14660,14514,8/6/2020 
845,1,14696,14550,8/5/2020 
846,1,14770,14624,8/4/2020 
847,1,14787,14639,8/3/2020 
848,1,14726,14580,7/30/2020 
849,1,14643,14497,7/29/2020 
850,1,14616,14470,7/28/2020 
851,1,14678,14532,7/27/2020 
852,1,14687,14541,7/24/2020 
853,1,14742,14596,7/23/2020 
854,1,14728,14582,7/22/2020 
855,1,14887,14739,7/21/2020 
856,1,14906,14758,7/20/2020 
857,1,14854,14706,7/17/2020 
858,1,14705,14559,7/16/2020 
859,1,14689,14543,7/15/2020 
860,1,14585,14439,7/14/2020 
861,1,14558,14414,7/13/2020 
862,1,14574,14429,7/10/2020 
863,1,14518,14374,7/9/2020 
864,1,14532,14388,7/8/2020 
865,1,14528,14384,7/7/2020 
866,1,14620,14474,7/6/2020 
867,1,14639,14493,7/3/2020 
868,1,14589,14443,7/2/2020 
869,1,14413,14269,7/1/2020 
870,1,14374,14230,6/30/2020 
871,1,14441,14297,6/29/2020 
872,1,14310,14168,6/26/2020 
873,1,14302,14160,6/25/2020 
874,1,14231,14089,6/24/2020 
875,1,14336,14194,6/23/2020 
876,1,14280,14138,6/22/2020 
877,1,14313,14171,6/19/2020 
878,1,14257,14115,6/18/2020 
879,1,14305,14163,6/17/2020 
880,1,14226,14084,6/16/2020 
881,1,14299,14157,6/15/2020 
882,1,14328,14186,6/12/2020 
883,1,14084,13944,6/11/2020 
884,1,14153,14013,6/10/2020 
885,1,14043,13903,6/9/2020 
886,1,14026,13886,6/8/2020 
887,1,14171,14030,6/5/2020 
888,1,14236,14094,6/4/2020 
889,1,14316,14174,6/3/2020 
890,1,14575,14429,6/2/2020 
891,1,14807,14659,5/29/2020 
892,1,14843,14695,5/28/2020 
893,1,14835,14687,5/27/2020 
894,1,14848,14700,5/26/2020 
895,1,14859,14711,5/20/2020 
896,1,14897,14749,5/19/2020 
897,1,14959,14811,5/18/2020 
898,1,14984,14834,5/15/2020 
899,1,15021,14871,5/14/2020 
900,1,14961,14813,5/13/2020 
901,1,15053,14903,5/12/2020 
902,1,15011,14861,5/11/2020 
903,1,15084,14934,5/8/2020 
904,1,15203,15051,5/6/2020 
905,1,15180,15028,5/5/2020 
906,1,15148,14998,5/4/2020 
907,1,15233,15081,4/30/2020 
908,1,15492,15338,4/29/2020 
909,1,15565,15411,4/28/2020 
910,1,15669,15513,4/27/2020 
911,1,15631,15475,4/24/2020 
912,1,15708,15552,4/23/2020 
913,1,15645,15489,4/22/2020 
914,1,15721,15565,4/21/2020 
915,1,15621,15465,4/20/2020 
916,1,15581,15425,4/17/2020 
917,1,15866,15708,4/16/2020 
918,1,15786,15628,4/15/2020 
919,1,15801,15643,4/14/2020 
920,1,15919,15761,4/13/2020 
921,1,16322,16160,4/9/2020 
922,1,16326,16164,4/8/2020 
923,1,16492,16328,4/7/2020 
924,1,16639,16473,4/6/2020 
925,1,16546,16382,4/3/2020 
926,1,16825,16657,4/2/2020 
927,1,16495,16331,4/1/2020 
928,1,16449,16285,3/31/2020 
929,1,16418,16254,3/30/2020 
930,1,16311,16149,3/27/2020 
931,1,16410,16246,3/26/2020 
932,1,16568,16404,3/24/2020 
933,1,16691,16525,3/23/2020 
934,1,16354,16192,3/20/2020 
935,1,15791,15633,3/19/2020 
936,1,15299,15147,3/18/2020 
937,1,15158,15008,3/17/2020 
938,1,14892,14744,3/16/2020 
939,1,14889,14741,3/13/2020 
940,1,14562,14418,3/12/2020 
941,1,14395,14251,3/11/2020 
942,1,14483,14339,3/10/2020 
943,1,14414,14270,3/9/2020 
944,1,14338,14196,3/6/2020 
945,1,14239,14097,3/5/2020 
946,1,14242,14100,3/4/2020 
947,1,14293,14151,3/3/2020 
948,1,14485,14341,3/2/2020 
949,1,14305,14163,2/28/2020 
950,1,14088,13948,2/27/2020 
951,1,14036,13896,2/26/2020 
952,1,13962,13824,2/25/2020 
953,1,13932,13794,2/24/2020 
954,1,13846,13708,2/21/2020 
955,1,13804,13666,2/20/2020 
956,1,13786,13648,2/19/2020 
957,1,13744,13608,2/18/2020 
958,1,13761,13625,2/17/2020 
959,1,13776,13638,2/14/2020 
960,1,13747,13611,2/13/2020 
961,1,13727,13591,2/12/2020 
962,1,13754,13618,2/11/2020 
963,1,13777,13639,2/10/2020 
964,1,13715,13579,2/7/2020 
965,1,13730,13594,2/6/2020 
966,1,13786,13648,2/5/2020 
967,1,13829,13691,2/4/2020 
968,1,13795,13657,2/3/2020 
969,1,13730,13594,1/31/2020 
970,1,13720,13584,1/30/2020 
971,1,13702,13566,1/29/2020 
972,1,13715,13579,1/28/2020 
973,1,13680,13544,1/27/2020 
974,1,13700,13564,1/24/2020 
975,1,13694,13558,1/23/2020 
976,1,13746,13610,1/22/2020 
977,1,13726,13590,1/21/2020 
978,1,13722,13586,1/20/2020 
979,1,13716,13580,1/17/2020 
980,1,13726,13590,1/16/2020 
981,1,13775,13637,1/15/2020 
982,1,13722,13586,1/14/2020 
983,1,13777,13639,1/13/2020 
984,1,13881,13743,1/10/2020 
985,1,13929,13791,1/9/2020 
986,1,14004,13864,1/8/2020 
987,1,13989,13849,1/7/2020 
988,1,14031,13891,1/6/2020 
989,1,13969,13830,1/3/2020 
990,1,13964,13826,1/2/2020 
991,1,13971,13832,12/31/2019 
992,1,14015,13875,12/30/2019 
993,1,14026,13886,12/27/2019 
994,1,14052,13912,12/26/2019 
995,1,14048,13908,12/23/2019 
996,1,14063,13923,12/20/2019 
997,1,14053,13913,12/19/2019 
998,1,14077,13937,12/18/2019 
999,1,14088,13948,12/17/2019 
1000,1,14074,13934,12/16/2019 
1001,1,14052,13912,12/13/2019 
1002,1,14112,13972,12/12/2019 
1003,1,14095,13955,12/11/2019 
1004,1,14074,13934,12/10/2019 
1005,1,14091,13951,12/9/2019 
1006,1,14107,13967,12/6/2019 
1007,1,14164,14024,12/5/2019 
1008,1,14196,14054,12/4/2019 
1009,1,14201,14059,12/3/2019 
1010,1,14193,14051,12/2/2019 
1011,1,14173,14031,11/29/2019 
1012,1,14170,14029,11/28/2019 
1013,1,14166,14026,11/27/2019 
1014,1,14151,14011,11/26/2019 
1015,1,14161,14021,11/25/2019 
1016,1,14171,14030,11/22/2019 
1017,1,14183,14041,11/21/2019 
1018,1,14167,14027,11/20/2019 
1019,1,14161,14021,11/19/2019 
1020,1,14145,14005,11/18/2019 
1021,1,14139,13999,11/15/2019 
1022,1,14168,14028,11/14/2019 
1023,1,14152,14012,11/13/2019 
1024,1,14129,13989,11/12/2019 
1025,1,14110,13970,11/11/2019 
1026,1,14090,13950,11/8/2019 
1027,1,14110,13970,11/7/2019 
1028,1,14062,13922,11/6/2019 
1029,1,14101,13961,11/5/2019 
1030,1,14072,13932,11/4/2019 
1031,1,14136,13996,11/1/2019 
1032,1,14078,13938,10/31/2019 
1033,1,14114,13974,10/30/2019 
1034,1,14098,13958,10/29/2019 
1035,1,14093,13953,10/28/2019 
1036,1,14134,13994,10/25/2019 
1037,1,14066,13926,10/24/2019 
1038,1,14121,13981,10/23/2019 
1039,1,14128,13988,10/22/2019 
1040,1,14203,14061,10/21/2019 
1041,1,14211,14069,10/18/2019 
1042,1,14243,14101,10/17/2019 
1043,1,14258,14116,10/16/2019 
1044,1,14211,14069,10/15/2019 
1045,1,14197,14055,10/14/2019 
1046,1,14210,14068,10/11/2019 
1047,1,14228,14086,10/10/2019 
1048,1,14253,14111,10/9/2019 
1049,1,14241,14099,10/8/2019 
1050,1,14227,14085,10/7/2019 
1051,1,14206,14064,10/4/2019 
1052,1,14264,14122,10/3/2019 
1053,1,14278,14136,10/2/2019 
1054,1,14267,14125,10/1/2019 
1055,1,14245,14103,9/30/2019 
1056,1,14268,14126,9/27/2019 
1057,1,14233,14091,9/26/2019 
1058,1,14205,14063,9/25/2019 
1059,1,14169,14029,9/24/2019 
1060,1,14147,14007,9/23/2019 
1061,1,14155,14015,9/20/2019 
1062,1,14169,14029,9/19/2019 
1063,1,14150,14010,9/18/2019 
1064,1,14171,14029,9/17/2019 
1065,1,14090,13950,9/16/2019 
1066,1,14020,13880,9/13/2019 
1067,1,14122,13982,9/12/2019 
1068,1,14133,13993,9/11/2019 
1069,1,14101,13961,9/10/2019 
1070,1,14162,14022,9/9/2019 
1071,1,14211,14069,9/6/2019 
1072,1,14224,14082,9/5/2019 
1073,1,14289,14147,9/4/2019 
1074,1,14288,14146,9/3/2019 
1075,1,14261,14119,9/2/2019 
1076,1,14308,14166,8/30/2019 
1077,1,14325,14183,8/29/2019 
1078,1,14334,14192,8/28/2019 
1079,1,14306,14164,8/27/2019 
1080,1,14332,14190,8/26/2019 
1081,1,14320,14178,8/23/2019 
1082,1,14305,14163,8/22/2019 
1083,1,14330,14188,8/21/2019 
1084,1,14333,14191,8/20/2019 
1085,1,14274,14132,8/19/2019 
1086,1,14329,14187,8/16/2019 
1087,1,14367,14225,8/15/2019 
1088,1,14305,14163,8/14/2019 
1089,1,14354,14212,8/13/2019 
1090,1,14291,14149,8/12/2019 
1091,1,14266,14124,8/9/2019 
1092,1,14302,14160,8/8/2019 
1093,1,14346,14204,8/7/2019 
1094,1,14416,14272,8/6/2019 
1095,1,14302,14160,8/5/2019 
1096,1,14274,14132,8/2/2019 
1097,1,14168,14028,8/1/2019 
1098,1,14096,13956,7/31/2019 
1099,1,14104,13964,7/30/2019 
1100,1,14080,13940,7/29/2019 
1101,1,14071,13931,7/26/2019 
1102,1,14056,13916,7/25/2019 
1103,1,14081,13941,7/24/2019 
1104,1,14043,13903,7/23/2019 
1105,1,14033,13893,7/22/2019 
1106,1,13983,13843,7/19/2019 
1107,1,14046,13906,7/18/2019 
1108,1,14019,13879,7/17/2019 
1109,1,13995,13855,7/16/2019 
1110,1,14040,13900,7/15/2019 
1111,1,14155,14015,7/12/2019 
1112,1,14159,14019,7/11/2019 
1113,1,14223,14081,7/10/2019 
1114,1,14200,14058,7/9/2019 
1115,1,14218,14076,7/8/2019 
1116,1,14219,14077,7/5/2019 
1117,1,14177,14035,7/4/2019 
1118,1,14231,14089,7/3/2019 
1119,1,14211,14069,7/2/2019 
1120,1,14188,14046,7/1/2019 
1121,1,14212,14070,6/28/2019 
1122,1,14251,14109,6/27/2019 
1123,1,14245,14103,6/26/2019 
1124,1,14209,14067,6/25/2019 
1125,1,14236,14094,6/24/2019 
1126,1,14187,14045,6/21/2019 
1127,1,14307,14165,6/20/2019 
1128,1,14342,14200,6/19/2019 
1129,1,14406,14262,6/18/2019 
1130,1,14418,14274,6/17/2019 
1131,1,14376,14232,6/14/2019 
1132,1,14341,14199,6/13/2019 
1133,1,14305,14163,6/12/2019 
1134,1,14329,14187,6/11/2019 
1135,1,14302,14160,6/10/2019 
1136,1,14457,14313,5/31/2019 
1137,1,14489,14345,5/29/2019 
1138,1,14452,14308,5/28/2019 
1139,1,14432,14288,5/27/2019 
1140,1,14523,14379,5/24/2019 
1141,1,14586,14440,5/23/2019 
1142,1,14560,14416,5/22/2019 
1143,1,14534,14390,5/21/2019 
1144,1,14550,14406,5/20/2019 
1145,1,14541,14397,5/17/2019 
1146,1,14530,14386,5/16/2019 
1147,1,14520,14376,5/15/2019 
1148,1,14516,14372,5/14/2019 
1149,1,14434,14290,5/13/2019 
1150,1,14419,14275,5/10/2019 
1151,1,14410,14266,5/9/2019 
1152,1,14377,14233,5/8/2019 
1153,1,14381,14237,5/7/2019 
1154,1,14380,14236,5/6/2019 
1155,1,14353,14211,5/3/2019 
1156,1,14316,14174,5/2/2019 
1157,1,14286,14144,4/30/2019 
1158,1,14259,14117,4/29/2019 
1159,1,14259,14117,4/26/2019 
1160,1,14225,14083,4/25/2019 
1161,1,14183,14041,4/24/2019 
1162,1,14150,14010,4/23/2019 
1163,1,14126,13986,4/22/2019 
1164,1,14086,13946,4/18/2019 
1165,1,14136,13996,4/16/2019 
1166,1,14137,13997,4/15/2019 
1167,1,14224,14082,4/12/2019 
1168,1,14227,14085,4/11/2019 
1169,1,14226,14084,4/10/2019 
1170,1,14221,14079,4/9/2019 
1171,1,14216,14074,4/8/2019 
1172,1,14229,14087,4/5/2019 
1173,1,14253,14111,4/4/2019 
1174,1,14308,14166,4/2/2019 
1175,1,14302,14160,4/1/2019 
1176,1,14315,14173,3/29/2019 
1177,1,14326,14184,3/28/2019 
1178,1,14273,14131,3/27/2019 
1179,1,14242,14100,3/26/2019 
1180,1,14294,14152,3/25/2019 
1181,1,14228,14086,3/22/2019 
1182,1,14173,14031,3/21/2019 
1183,1,14302,14160,3/20/2019 
1184,1,14299,14157,3/19/2019 
1185,1,14313,14171,3/18/2019 
1186,1,14382,14238,3/15/2019 
1187,1,14324,14182,3/14/2019 
1188,1,14340,14198,3/13/2019 
1189,1,14322,14180,3/12/2019 
1190,1,14396,14252,3/11/2019 
1191,1,14294,14152,3/8/2019 
1192,1,14200,14058,3/6/2019 
1193,1,14217,14075,3/5/2019 
1194,1,14220,14078,3/4/2019 
1195,1,14182,14040,3/1/2019 
1196,1,14132,13992,2/28/2019 
1197,1,14074,13934,2/27/2019 
1198,1,14060,13920,2/26/2019 
1199,1,14077,13937,2/25/2019 
1200,1,14149,14009,2/22/2019 
1201,1,14127,13987,2/21/2019 
1202,1,14125,13985,2/20/2019 
1203,1,14190,14048,2/19/2019 
1204,1,14177,14035,2/18/2019 
1205,1,14187,14045,2/15/2019 
1206,1,14163,14023,2/14/2019 
1207,1,14097,13957,2/13/2019 
1208,1,14158,14018,2/12/2019 
1209,1,14065,13925,2/11/2019 
1210,1,14062,13922,2/8/2019 
1211,1,14048,13908,2/7/2019 
1212,1,14017,13877,2/6/2019 
1213,1,14046,13906,2/4/2019 
1214,1,14048,13908,2/1/2019 
1215,1,14142,14002,1/31/2019 
1216,1,14183,14041,1/30/2019 
1217,1,14168,14028,1/29/2019 
1218,1,14108,13968,1/28/2019 
1219,1,14234,14092,1/25/2019 
1220,1,14212,14070,1/24/2019 
1221,1,14259,14117,1/23/2019 
1222,1,14292,14150,1/22/2019 
1223,1,14283,14141,1/21/2019 
1224,1,14253,14111,1/18/2019 
1225,1,14229,14087,1/17/2019 
1226,1,14225,14083,1/16/2019 
1227,1,14154,14014,1/15/2019 
1228,1,14122,13982,1/14/2019 
1229,1,14146,14006,1/11/2019 
1230,1,14163,14023,1/10/2019 
1231,1,14191,14049,1/9/2019 
1232,1,14101,13961,1/8/2019 
1233,1,14176,14034,1/7/2019 
1234,1,14422,14278,1/4/2019 
1235,1,14546,14402,1/3/2019 
1236,1,14537,14393,1/2/2019 
1237,1,14553,14409,12/31/2018 
1238,1,14615,14469,12/28/2018 
1239,1,14636,14490,12/27/2018 
1240,1,14675,14529,12/26/2018 
1241,1,14552,14408,12/21/2018 
1242,1,14571,14427,12/20/2018 
1243,1,14452,14308,12/19/2018 
1244,1,14596,14450,12/18/2018 
1245,1,14690,14544,12/17/2018 
1246,1,14611,14465,12/14/2018 
1247,1,14609,14463,12/13/2018 
1248,1,14650,14504,12/12/2018 
1249,1,14686,14540,12/11/2018 
1250,1,14590,14444,12/10/2018 
1251,1,14612,14466,12/7/2018 
1252,1,14580,14434,12/6/2018 
1253,1,14455,14311,12/5/2018 
1254,1,14364,14222,12/4/2018 
1255,1,14323,14181,12/3/2018 
1256,1,14411,14267,11/30/2018 
1257,1,14480,14336,11/29/2018 
1258,1,14608,14462,11/28/2018 
1259,1,14577,14431,11/27/2018 
1260,1,14624,14478,11/26/2018 
1261,1,14625,14479,11/23/2018 
1262,1,14665,14519,11/22/2018 
1263,1,14691,14545,11/21/2018 
1264,1,14659,14513,11/19/2018 
1265,1,14667,14521,11/16/2018 
1266,1,14838,14690,11/15/2018 
1267,1,14829,14681,11/14/2018 
1268,1,14969,14821,11/13/2018 
1269,1,14821,14673,11/12/2018 
1270,1,14705,14559,11/9/2018 
1271,1,14724,14578,11/8/2018 
1272,1,14838,14690,11/7/2018 
1273,1,14965,14817,11/6/2018 
1274,1,15047,14897,11/5/2018 
1275,1,15164,15014,11/2/2018 
1276,1,15271,15119,11/1/2018 
1277,1,15303,15151,10/31/2018 
1278,1,15313,15161,10/30/2018 
1279,1,15294,15142,10/29/2018 
1280,1,15283,15131,10/26/2018 
1281,1,15286,15134,10/25/2018 
1282,1,15269,15117,10/24/2018 
1283,1,15284,15132,10/23/2018 
1284,1,15268,15116,10/22/2018 
1285,1,15297,15145,10/19/2018 
1286,1,15263,15111,10/18/2018 
1287,1,15254,15102,10/17/2018 
1288,1,15282,15130,10/16/2018 
1289,1,15322,15170,10/15/2018 
1290,1,15270,15118,10/12/2018 
1291,1,15329,15177,10/11/2018 
1292,1,15291,15139,10/10/2018 
1293,1,15309,15157,10/9/2018 
1294,1,15269,15117,10/8/2018 
1295,1,15258,15106,10/5/2018 
1296,1,15209,15057,10/4/2018 
1297,1,15163,15013,10/3/2018 
1298,1,15063,14913,10/2/2018 
1299,1,14980,14830,10/1/2018 
1300,1,15004,14854,9/28/2018 
1301,1,14994,14844,9/27/2018 
1302,1,15013,14863,9/26/2018 
1303,1,14967,14819,9/25/2018 
1304,1,14939,14791,9/24/2018 
1305,1,14898,14750,9/21/2018 
1306,1,14913,14765,9/20/2018 
1307,1,14970,14822,9/19/2018 
1308,1,14983,14833,9/18/2018 
1309,1,14933,14785,9/17/2018 
1310,1,14909,14761,9/14/2018 
1311,1,14868,14720,9/13/2018 
1312,1,14937,14789,9/12/2018 
1313,1,14909,14761,9/10/2018 
1314,1,14958,14810,9/7/2018 
1315,1,14965,14817,9/6/2018 
1316,1,15002,14852,9/5/2018 
1317,1,14914,14766,9/4/2018 
1318,1,14841,14693,9/3/2018 
1319,1,14785,14637,8/31/2018 
1320,1,14728,14582,8/30/2018 
1321,1,14716,14570,8/29/2018 
1322,1,14687,14541,8/28/2018 
1323,1,14683,14537,8/27/2018 
1324,1,14728,14582,8/24/2018 
1325,1,14693,14547,8/23/2018 
1326,1,14641,14495,8/21/2018 
1327,1,14651,14505,8/20/2018 
1328,1,14692,14546,8/16/2018 
1329,1,14694,14548,8/15/2018 
1330,1,14698,14552,8/14/2018 
1331,1,14656,14510,8/13/2018 
1332,1,14509,14365,8/10/2018 
1333,1,14494,14350,8/9/2018 
1334,1,14511,14367,8/8/2018 
1335,1,14557,14413,8/7/2018 
1336,1,14553,14409,8/6/2018 
1337,1,14576,14430,8/3/2018 
1338,1,14518,14374,8/2/2018 
1339,1,14514,14370,8/1/2018 
1340,1,14485,14341,7/31/2018 
1341,1,14481,14337,7/30/2018 
1342,1,14555,14411,7/27/2018 
1343,1,14515,14371,7/26/2018 
1344,1,14588,14442,7/25/2018 
1345,1,14614,14468,7/24/2018 
1346,1,14526,14382,7/23/2018 
1347,1,14593,14447,7/20/2018 
1348,1,14490,14346,7/19/2018 
1349,1,14478,14334,7/18/2018 
1350,1,14463,14319,7/17/2018 
1351,1,14468,14324,7/16/2018 
1352,1,14430,14286,7/13/2018 
1353,1,14507,14363,7/12/2018 
1354,1,14463,14319,7/11/2018 
1355,1,14398,14254,7/10/2018 
1356,1,14404,14260,7/9/2018 
1357,1,14481,14337,7/6/2018 
1358,1,14459,14315,7/5/2018 
1359,1,14415,14271,7/4/2018 
1360,1,14490,14346,7/3/2018 
1361,1,14403,14259,7/2/2018 
1362,1,14476,14332,6/29/2018 
1363,1,14342,14200,6/28/2018 
1364,1,14234,14092,6/27/2018 
1365,1,14234,14092,6/26/2018 
1366,1,14176,14034,6/25/2018 
1367,1,14173,14031,6/22/2018 
1368,1,14160,14020,6/21/2018 
1369,1,13972,13832,6/20/2018 
1370,1,13972,13832,6/19/2018 
1371,1,13972,13832,6/8/2018 
1372,1,13937,13799,6/7/2018 
1373,1,13944,13806,6/6/2018 
1374,1,13956,13818,6/5/2018 
1375,1,13941,13803,6/4/2018 
1376,1,14021,13881,5/31/2018 
1377,1,14102,13962,5/30/2018 
1378,1,14135,13995,5/28/2018 
1379,1,14237,14095,5/25/2018 
1380,1,14276,14134,5/24/2018 
1381,1,14263,14121,5/23/2018 
1382,1,14249,14107,5/22/2018 
1383,1,14247,14105,5/21/2018 
1384,1,14178,14036,5/18/2018 
1385,1,14144,14004,5/17/2018 
1386,1,14164,14024,5/16/2018 
1387,1,14090,13950,5/15/2018 
1388,1,14046,13906,5/14/2018 
1389,1,14118,13978,5/11/2018 
1390,1,14144,14004,5/9/2018 
1391,1,14106,13966,5/8/2018 
1392,1,14026,13886,5/7/2018 
1393,1,14013,13873,5/4/2018 
1394,1,14035,13895,5/3/2018 
1395,1,14006,13866,5/2/2018 
1396,1,13946,13808,4/30/2018 
1397,1,13948,13810,4/27/2018 
1398,1,14000,13860,4/26/2018 
1399,1,13957,13819,4/25/2018 
1400,1,13970,13830,4/24/2018 
1401,1,13963,13825,4/23/2018 
1402,1,13873,13735,4/20/2018 
1403,1,13847,13709,4/19/2018 
1404,1,13839,13701,4/18/2018 
1405,1,13839,13701,4/17/2018 
1406,1,13835,13697,4/16/2018 
1407,1,13822,13684,4/13/2018 
1408,1,13832,13694,4/12/2018 
1409,1,13816,13678,4/11/2018 
1410,1,13828,13690,4/10/2018 
1411,1,13840,13702,4/9/2018 
1412,1,13840,13702,4/6/2018 
1413,1,13836,13698,4/5/2018 
1414,1,13829,13691,4/4/2018 
1415,1,13834,13696,4/3/2018 
1416,1,13819,13681,4/2/2018 
1417,1,13825,13687,3/29/2018 
1418,1,13814,13676,3/28/2018 
1419,1,13777,13639,3/27/2018 
1420,1,13845,13707,3/26/2018 
1421,1,13849,13711,3/23/2018 
1422,1,13806,13668,3/22/2018 
1423,1,13828,13690,3/21/2018 
1424,1,13830,13692,3/20/2018 
1425,1,13834,13696,3/19/2018 
1426,1,13834,13696,3/16/2018 
1427,1,13817,13679,3/15/2018 
1428,1,13808,13670,3/14/2018 
1429,1,13826,13688,3/13/2018 
1430,1,13837,13699,3/12/2018 
1431,1,13863,13725,3/9/2018 
1432,1,13843,13705,3/8/2018 
1433,1,13832,13694,3/7/2018 
1434,1,13819,13681,3/6/2018 
1435,1,13809,13671,3/5/2018 
1436,1,13815,13677,3/2/2018 
1437,1,13862,13724,3/1/2018 
1438,1,13776,13638,2/28/2018 
1439,1,13718,13582,2/27/2018 
1440,1,13727,13591,2/26/2018 
1441,1,13738,13602,2/23/2018 
1442,1,13733,13597,2/22/2018 
1443,1,13650,13514,2/21/2018 
1444,1,13641,13505,2/20/2018 
1445,1,13609,13473,2/19/2018 
1446,1,13638,13502,2/15/2018 
1447,1,13725,13589,2/14/2018 
1448,1,13712,13576,2/13/2018 
1449,1,13677,13541,2/12/2018 
1450,1,13711,13575,2/9/2018 
1451,1,13670,13534,2/8/2018 
1452,1,13601,13465,2/7/2018 
1453,1,13646,13510,2/6/2018 
1454,1,13565,13431,2/5/2018 
1455,1,13495,13361,2/2/2018 
1456,1,13469,13335,2/1/2018 
1457,1,13480,13346,1/31/2018 
1458,1,13465,13331,1/30/2018 
1459,1,13394,13260,1/29/2018 
1460,1,13370,13236,1/26/2018 
1461,1,13356,13224,1/25/2018 
1462,1,13388,13254,1/24/2018 
1463,1,13385,13251,1/23/2018 
1464,1,13401,13267,1/22/2018 
1465,1,13398,13264,1/19/2018 
1466,1,13432,13298,1/18/2018 
1467,1,13390,13256,1/17/2018 
1468,1,13400,13266,1/16/2018 
1469,1,13397,13263,1/15/2018 
1470,1,13429,13295,1/12/2018 
1471,1,13494,13360,1/11/2018 
1472,1,13516,13382,1/10/2018 
1473,1,13495,13361,1/9/2018 
1474,1,13464,13330,1/8/2018 
1475,1,13472,13338,1/5/2018 
1476,1,13541,13407,1/4/2018 
1477,1,13565,13431,1/3/2018 
1478,1,13610,13474,1/2/2018 
1479,1,13616,13480,12/30/2017 
1480,1,13616,13480,12/29/2017 
1481,1,13628,13492,12/28/2017 
1482,1,13630,13494,12/27/2017 
1483,1,13626,13490,12/22/2017 
1484,1,13613,13477,12/21/2017 
1485,1,13647,13511,12/20/2017 
1486,1,13655,13519,12/19/2017 
1487,1,13652,13516,12/18/2017 
1488,1,13641,13505,12/15/2017 
1489,1,13633,13497,12/14/2017 
1490,1,13657,13521,12/13/2017 
1491,1,13618,13482,12/12/2017 
1492,1,13614,13478,12/11/2017 
1493,1,13624,13488,12/8/2017 
1494,1,13620,13484,12/7/2017 
1495,1,13592,13456,12/6/2017 
1496,1,13583,13447,12/5/2017 
1497,1,13595,13459,12/4/2017 
1498,1,13582,13446,11/30/2017 
1499,1,13583,13447,11/29/2017 
1500,1,13595,13459,11/28/2017 
1501,1,13579,13443,11/27/2017 
1502,1,13574,13438,11/24/2017 
1503,1,13571,13435,11/23/2017 
1504,1,13591,13455,11/22/2017 
1505,1,13612,13476,11/21/2017 
1506,1,13597,13461,11/20/2017 
1507,1,13585,13449,11/17/2017 
1508,1,13606,13470,11/16/2017 
1509,1,13607,13471,11/15/2017 
1510,1,13610,13474,11/14/2017 
1511,1,13623,13487,11/13/2017 
1512,1,13582,13446,11/10/2017 
1513,1,13582,13446,11/9/2017 
1514,1,13592,13456,11/8/2017 
1515,1,13572,13436,11/7/2017 
1516,1,13597,13461,11/6/2017 
1517,1,13568,13432,11/3/2017 
1518,1,13630,13494,11/2/2017 
1519,1,13660,13524,11/1/2017 
1520,1,13640,13504,10/31/2017 
1521,1,13648,13512,10/30/2017 
1522,1,13698,13562,10/27/2017 
1523,1,13628,13492,10/26/2017 
1524,1,13638,13502,10/25/2017 
1525,1,13597,13461,10/24/2017 
1526,1,13603,13467,10/23/2017 
1527,1,13585,13449,10/20/2017 
1528,1,13589,13453,10/19/2017 
1529,1,13582,13446,10/18/2017 
1530,1,13557,13423,10/17/2017 
1531,1,13550,13416,10/16/2017 
1532,1,13576,13440,10/13/2017 
1533,1,13589,13453,10/12/2017 
1534,1,13577,13441,10/11/2017 
1535,1,13558,13424,10/10/2017 
1536,1,13572,13436,10/9/2017 
1537,1,13552,13418,10/6/2017 
1538,1,13550,13416,10/5/2017 
1539,1,13556,13422,10/4/2017 
1540,1,13650,13514,10/3/2017 
1541,1,13566,13432,10/2/2017 
1542,1,13559,13425,9/29/2017 
1543,1,13531,13397,9/28/2017 
1544,1,13451,13317,9/27/2017 
1545,1,13415,13281,9/26/2017 
1546,1,13372,13238,9/25/2017 
1547,1,13392,13258,9/22/2017 
1548,1,13336,13204,9/20/2017 
1549,1,13324,13192,9/19/2017 
1550,1,13304,13172,9/18/2017 
1551,1,13327,13195,9/15/2017 
1552,1,13305,13173,9/14/2017 
1553,1,13275,13143,9/13/2017 
1554,1,13252,13120,9/12/2017 
1555,1,13220,13088,9/11/2017 
1556,1,13350,13218,9/8/2017 
1557,1,13398,13264,9/7/2017 
1558,1,13404,13270,9/6/2017 
1559,1,13403,13269,9/5/2017 
1560,1,13412,13278,9/4/2017 
1561,1,13418,13284,8/31/2017 
1562,1,13410,13276,8/30/2017 
1563,1,13415,13281,8/29/2017 
1564,1,13405,13271,8/28/2017 
1565,1,13415,13281,8/25/2017 
1566,1,13421,13287,8/24/2017 
1567,1,13409,13275,8/23/2017 
1568,1,13405,13271,8/22/2017 
1569,1,13422,13288,8/21/2017 
1570,1,13435,13301,8/18/2017 
1571,1,13441,13307,8/16/2017 
1572,1,13411,13277,8/15/2017 
1573,1,13411,13277,8/14/2017 
1574,1,13437,13303,8/11/2017 
1575,1,13405,13271,8/10/2017 
1576,1,13391,13257,8/9/2017 
1577,1,13386,13252,8/8/2017 
1578,1,13386,13252,8/7/2017 
1579,1,13391,13257,8/4/2017 
1580,1,13397,13263,8/3/2017 
1581,1,13398,13264,8/2/2017 
1582,1,13385,13251,8/1/2017 
1583,1,13390,13256,7/31/2017 
1584,1,13393,13259,7/28/2017 
1585,1,13382,13248,7/27/2017 
1586,1,13401,13267,7/26/2017 
1587,1,13387,13253,7/25/2017 
1588,1,13386,13252,7/24/2017 
1589,1,13390,13256,7/21/2017 
1590,1,13387,13253,7/20/2017 
1591,1,13371,13237,7/19/2017 
1592,1,13381,13247,7/18/2017 
1593,1,13380,13246,7/17/2017 
1594,1,13414,13280,7/14/2017 
1595,1,13409,13275,7/13/2017 
1596,1,13435,13301,7/12/2017 
1597,1,13454,13320,7/11/2017 
1598,1,13475,13341,7/10/2017 
1599,1,13464,13330,7/7/2017 
1600,1,13431,13297,7/6/2017 
1601,1,13416,13282,7/5/2017 
1602,1,13453,13319,7/4/2017 
1603,1,13392,13258,7/3/2017 
1604,1,13386,13252,6/30/2017 
1605,1,13386,13252,6/22/2017 
1606,1,13368,13234,6/21/2017 
1607,1,13363,13231,6/20/2017 
1608,1,13352,13220,6/19/2017 
1609,1,13364,13232,6/16/2017 
1610,1,13348,13216,6/15/2017 
1611,1,13352,13220,6/14/2017 
1612,1,13360,13228,6/13/2017 
1613,1,13358,13226,6/12/2017 
1614,1,13358,13226,6/9/2017 
1615,1,13383,13249,6/8/2017 
1616,1,13374,13240,6/7/2017 
1617,1,13351,13219,6/6/2017 
1618,1,13353,13221,6/5/2017 
1619,1,13378,13244,6/2/2017 
1620,1,13388,13254,5/31/2017 
1621,1,13403,13269,5/30/2017 
1622,1,13379,13245,5/29/2017 
1623,1,13361,13229,5/26/2017 
1624,1,13383,13249,5/24/2017 
1625,1,13362,13230,5/23/2017 
1626,1,13363,13231,5/22/2017 
1627,1,13477,13343,5/19/2017 
1628,1,13410,13276,5/18/2017 
1629,1,13373,13239,5/17/2017 
1630,1,13364,13232,5/16/2017 
1631,1,13386,13252,5/15/2017 
1632,1,13407,13273,5/12/2017 
1633,1,13422,13288,5/10/2017 
1634,1,13384,13250,5/9/2017 
1635,1,13391,13257,5/8/2017 
1636,1,13406,13272,5/5/2017 
1637,1,13397,13263,5/4/2017 
1638,1,13363,13231,5/3/2017 
1639,1,13383,13249,5/2/2017 
1640,1,13394,13260,4/28/2017 
1641,1,13365,13233,4/27/2017 
1642,1,13344,13212,4/26/2017 
1643,1,13362,13230,4/25/2017 
1644,1,13387,13253,4/21/2017 
1645,1,13395,13261,4/20/2017 
1646,1,13365,13233,4/19/2017 
1647,1,13365,13233,4/18/2017 
1648,1,13321,13189,4/17/2017 
1649,1,13330,13198,4/13/2017 
1650,1,13364,13232,4/12/2017 
1651,1,13348,13216,4/11/2017 
1652,1,13390,13256,4/10/2017 
1653,1,13408,13274,4/7/2017 
1654,1,13394,13260,4/6/2017 
1655,1,13396,13262,4/5/2017 
1656,1,13393,13259,4/4/2017 
1657,1,13391,13257,4/3/2017 
1658,1,13388,13254,3/31/2017 
1659,1,13383,13249,3/30/2017 
1660,1,13390,13256,3/29/2017 
1661,1,13381,13247,3/27/2017 
1662,1,13396,13262,3/24/2017 
1663,1,13399,13265,3/23/2017 
1664,1,13402,13268,3/22/2017 
1665,1,13375,13241,3/21/2017 
1666,1,13396,13262,3/20/2017 
1667,1,13409,13275,3/17/2017 
1668,1,13403,13269,3/16/2017 
1669,1,13442,13308,3/15/2017 
1670,1,13427,13293,3/14/2017 
1671,1,13431,13297,3/13/2017 
1672,1,13460,13326,3/10/2017 
1673,1,13440,13306,3/9/2017 
1674,1,13407,13273,3/8/2017 
1675,1,13417,13283,3/7/2017 
1676,1,13431,13297,3/6/2017 
1677,1,13442,13308,3/3/2017 
1678,1,13428,13294,3/2/2017 
1679,1,13428,13294,3/1/2017 
1680,1,13414,13280,2/28/2017 
1681,1,13406,13272,2/27/2017 
1682,1,13403,13269,2/24/2017 
1683,1,13427,13293,2/23/2017 
1684,1,13423,13289,2/22/2017 
1685,1,13437,13303,2/21/2017 
1686,1,13419,13285,2/20/2017 
1687,1,13395,13261,2/17/2017 
1688,1,13396,13262,2/16/2017 
1689,1,13397,13263,2/14/2017 
1690,1,13397,13263,2/13/2017 
1691,1,13385,13251,2/10/2017 
1692,1,13375,13241,2/9/2017 
1693,1,13404,13270,2/8/2017 
1694,1,13389,13255,2/7/2017 
1695,1,13396,13262,2/6/2017 
1696,1,13429,13295,2/3/2017 
1697,1,13441,13307,2/2/2017 
1698,1,13416,13282,2/1/2017 
1699,1,13410,13276,1/31/2017 
1700,1,13402,13268,1/30/2017 
1701,1,13426,13292,1/27/2017 
1702,1,13392,13258,1/26/2017 
1703,1,13407,13273,1/25/2017 
1704,1,13397,13263,1/24/2017 
1705,1,13439,13305,1/23/2017 
1706,1,13449,13315,1/20/2017 
1707,1,13443,13309,1/19/2017 
1708,1,13395,13261,1/18/2017 
1709,1,13448,13314,1/17/2017 
1710,1,13421,13287,1/16/2017 
1711,1,13375,13241,1/13/2017 
1712,1,13354,13222,1/12/2017 
1713,1,13394,13260,1/11/2017 
1714,1,13387,13253,1/10/2017 
1715,1,13452,13318,1/9/2017 
1716,1,13414,13280,1/6/2017 
1717,1,13437,13303,1/5/2017 
1718,1,13545,13411,1/4/2017 
1719,1,13552,13418,1/3/2017 
1720,1,13503,13369,12/31/2016 
1721,1,13503,13369,12/30/2016 
1722,1,13540,13406,12/29/2016 
1723,1,13514,13380,12/28/2016 
1724,1,13503,13369,12/27/2016 
1725,1,13537,13403,12/23/2016 
1726,1,13502,13368,12/22/2016 
1727,1,13540,13406,12/21/2016 
1728,1,13460,13326,12/20/2016 
1729,1,13448,13314,12/19/2016 
1730,1,13493,13359,12/16/2016 
1731,1,13434,13300,12/15/2016 
1732,1,13351,13219,12/14/2016 
1733,1,13376,13242,12/13/2016 
1734,1,13404,13270,12/9/2016 
1735,1,13371,13237,12/8/2016 
1736,1,13403,13269,12/7/2016 
1737,1,13472,13338,12/6/2016 
1738,1,13584,13448,12/5/2016 
1739,1,13592,13456,12/2/2016 
1740,1,13650,13514,12/1/2016 
1741,1,13631,13495,11/30/2016 
1742,1,13617,13481,11/29/2016 
1743,1,13534,13400,11/28/2016 
1744,1,13638,13502,11/25/2016 
1745,1,13608,13472,11/24/2016 
1746,1,13540,13406,11/23/2016 
1747,1,13491,13357,11/22/2016 
1748,1,13505,13371,11/21/2016 
1749,1,13475,13341,11/18/2016 
1750,1,13452,13318,11/17/2016 
1751,1,13414,13280,11/16/2016 
1752,1,13405,13271,11/15/2016 
1753,1,13425,13291,11/14/2016 
1754,1,13417,13283,11/11/2016 
1755,1,13184,13052,11/10/2016 
1756,1,13149,13019,11/9/2016 
1757,1,13155,13025,11/8/2016 
1758,1,13147,13017,11/7/2016 
1759,1,13169,13037,11/4/2016 
1760,1,13115,12985,11/3/2016 
1761,1,13123,12993,11/2/2016 
1762,1,13101,12971,11/1/2016 
1763,1,13116,12986,10/31/2016 
1764,1,13113,12983,10/28/2016 
1765,1,13092,12962,10/27/2016 
1766,1,13062,12932,10/26/2016 
1767,1,13087,12957,10/25/2016 
1768,1,13112,12982,10/24/2016 
1769,1,13085,12955,10/21/2016 
1770,1,13064,12934,10/20/2016 
1771,1,13072,12942,10/19/2016 
1772,1,13109,12979,10/18/2016 
1773,1,13119,12989,10/17/2016 
1774,1,13112,12982,10/14/2016 
1775,1,13093,12963,10/13/2016 
1776,1,13088,12958,10/12/2016 
1777,1,13057,12927,10/11/2016 
1778,1,13034,12904,10/10/2016 
1779,1,13067,12937,10/7/2016 
1780,1,13057,12927,10/6/2016 
1781,1,13060,12930,10/5/2016 
1782,1,13053,12923,10/4/2016 
1783,1,13075,12945,10/3/2016 
1784,1,13063,12933,9/30/2016 
1785,1,13017,12887,9/29/2016 
1786,1,12991,12861,9/28/2016 
1787,1,13092,12962,9/27/2016 
1788,1,13141,13011,9/26/2016 
1789,1,13163,13033,9/23/2016 
1790,1,13163,13033,9/22/2016 
1791,1,13214,13082,9/21/2016 
1792,1,13208,13076,9/20/2016 
1793,1,13230,13098,9/19/2016 
1794,1,13197,13065,9/16/2016 
1795,1,13256,13124,9/15/2016 
1796,1,13294,13162,9/14/2016 
1797,1,13217,13085,9/13/2016 
1798,1,13154,13024,9/9/2016 
1799,1,13155,13025,9/8/2016 
1800,1,13151,13021,9/7/2016 
1801,1,13228,13096,9/6/2016 
1802,1,13263,13131,9/5/2016 
1803,1,13327,13195,9/2/2016 
1804,1,13335,13203,9/1/2016 
1805,1,13367,13233,8/31/2016 
1806,1,13326,13194,8/30/2016 
1807,1,13341,13209,8/29/2016 
1808,1,13308,13176,8/26/2016 
1809,1,13333,13201,8/25/2016 
1810,1,13318,13186,8/24/2016 
1811,1,13282,13150,8/23/2016 
1812,1,13263,13131,8/22/2016 
1813,1,13185,13053,8/19/2016 
1814,1,13180,13048,8/18/2016 
1815,1,13163,13033,8/16/2016 
1816,1,13187,13055,8/15/2016 
1817,1,13186,13054,8/12/2016 
1818,1,13179,13047,8/11/2016 
1819,1,13189,13057,8/10/2016 
1820,1,13199,13067,8/9/2016 
1821,1,13210,13078,8/8/2016 
1822,1,13191,13059,8/5/2016 
1823,1,13204,13072,8/4/2016 
1824,1,13180,13048,8/3/2016 
1825,1,13144,13014,8/2/2016 
1826,1,13145,13015,8/1/2016 
1827,1,13159,13029,7/29/2016 
1828,1,13179,13047,7/28/2016 
1829,1,13196,13064,7/27/2016 
1830,1,13216,13084,7/26/2016 
1831,1,13201,13069,7/25/2016 
1832,1,13168,13036,7/22/2016 
1833,1,13188,13056,7/21/2016 
1834,1,13166,13034,7/20/2016 
1835,1,13151,13021,7/19/2016 
1836,1,13178,13046,7/18/2016 
1837,1,13151,13021,7/15/2016 
1838,1,13153,13023,7/14/2016 
1839,1,13160,13030,7/13/2016 
1840,1,13217,13085,7/12/2016 
1841,1,13178,13046,7/11/2016 
1842,1,13238,13106,7/4/2016 
1843,1,13238,13106,7/1/2016 
1844,1,13246,13114,6/30/2016 
1845,1,13232,13100,6/29/2016 
1846,1,13322,13190,6/28/2016 
1847,1,13562,13428,6/27/2016 
1848,1,13362,13230,6/24/2016 
1849,1,13331,13199,6/23/2016 
1850,1,13364,13232,6/22/2016 
1851,1,13352,13220,6/21/2016 
1852,1,13326,13194,6/20/2016 
1853,1,13425,13291,6/17/2016 
1854,1,13394,13260,6/16/2016 
1855,1,13465,13331,6/15/2016 
1856,1,13339,13207,6/14/2016 
1857,1,13408,13274,6/13/2016 
1858,1,13376,13242,6/10/2016 
1859,1,13297,13165,6/9/2016 
1860,1,13307,13175,6/8/2016 
1861,1,13442,13308,6/7/2016 
1862,1,13545,13411,6/6/2016 
1863,1,13680,13544,6/3/2016 
1864,1,13763,13627,6/2/2016 
1865,1,13739,13603,6/1/2016 
1866,1,13683,13547,5/31/2016 
1867,1,13709,13573,5/30/2016 
1868,1,13643,13507,5/27/2016 
1869,1,13683,13547,5/26/2016 
1870,1,13739,13603,5/25/2016 
1871,1,13674,13538,5/24/2016 
1872,1,13675,13539,5/23/2016 
1873,1,13641,13505,5/20/2016 
1874,1,13534,13400,5/19/2016 
1875,1,13386,13252,5/18/2016 
1876,1,13344,13212,5/17/2016 
1877,1,13395,13261,5/16/2016 
1878,1,13378,13244,5/13/2016 
1879,1,13365,13233,5/12/2016 
1880,1,13337,13205,5/11/2016 
1881,1,13400,13266,5/10/2016 
1882,1,13350,13218,5/9/2016 
1883,1,13312,13180,5/4/2016 
1884,1,13228,13096,5/3/2016 
1885,1,13258,13126,5/2/2016 
1886,1,13270,13138,4/29/2016 
1887,1,13270,13138,4/28/2016 
1888,1,13239,13107,4/27/2016 
1889,1,13281,13149,4/26/2016 
1890,1,13301,13169,4/25/2016 
1891,1,13235,13103,4/22/2016 
1892,1,13248,13116,4/21/2016 
1893,1,13199,13067,4/20/2016 
1894,1,13216,13084,4/19/2016 
1895,1,13270,13138,4/18/2016 
1896,1,13232,13100,4/15/2016 
1897,1,13304,13172,4/14/2016 
1898,1,13161,13031,4/13/2016 
1899,1,13189,13057,4/12/2016 
1900,1,13200,13068,4/11/2016 
1901,1,13235,13103,4/8/2016 
1902,1,13263,13131,4/7/2016 
1903,1,13289,13157,4/6/2016 
1904,1,13283,13151,4/5/2016 
1905,1,13211,13079,4/4/2016 
1906,1,13266,13134,4/1/2016 
1907,1,13342,13210,3/31/2016 
1908,1,13426,13292,3/30/2016 
1909,1,13430,13296,3/29/2016 
1910,1,13390,13256,3/28/2016 
1911,1,13316,13184,3/24/2016 
1912,1,13233,13101,3/23/2016 
1913,1,13241,13109,3/22/2016 
1914,1,13226,13094,3/21/2016 
1915,1,13113,12983,3/18/2016 
1916,1,13232,13100,3/17/2016 
1917,1,13235,13103,3/16/2016 
1918,1,13152,13022,3/15/2016 
1919,1,13085,12955,3/14/2016 
1920,1,13152,13022,3/11/2016 
1921,1,13215,13083,3/10/2016 
1922,1,13194,13062,3/8/2016 
1923,1,13094,12964,3/7/2016 
1924,1,13225,13093,3/4/2016 
1925,1,13326,13194,3/3/2016 
1926,1,13381,13247,3/2/2016 
1927,1,13434,13300,3/1/2016 
1928,1,13462,13328,2/29/2016 
1929,1,13467,13333,2/26/2016 
1930,1,13483,13349,2/25/2016 
1931,1,13513,13379,2/24/2016 
1932,1,13464,13330,2/23/2016 
1933,1,13527,13393,2/22/2016 
1934,1,13617,13481,2/19/2016 
1935,1,13546,13412,2/18/2016 
1936,1,13572,13436,2/17/2016 
1937,1,13400,13266,2/16/2016 
1938,1,13543,13409,2/15/2016 
1939,1,13538,13404,2/12/2016 
1940,1,13436,13302,2/11/2016 
1941,1,13606,13470,2/10/2016 
1942,1,13757,13621,2/9/2016 
1943,1,13721,13585,2/5/2016 
1944,1,13730,13594,2/4/2016 
1945,1,13826,13688,2/3/2016 
1946,1,13689,13553,2/2/2016 
1947,1,13767,13631,2/1/2016 
1948,1,13915,13777,1/29/2016 
1949,1,13958,13820,1/28/2016 
1950,1,13940,13802,1/27/2016 
1951,1,13974,13834,1/26/2016 
1952,1,13913,13775,1/25/2016 
1953,1,13943,13805,1/22/2016 
1954,1,13968,13830,1/21/2016 
1955,1,13965,13827,1/20/2016 
1956,1,13991,13851,1/19/2016 
1957,1,14001,13861,1/18/2016 
1958,1,13955,13817,1/15/2016 
1959,1,13946,13808,1/14/2016 
1960,1,13930,13792,1/13/2016 
1961,1,13904,13766,1/12/2016 
1962,1,14005,13865,1/11/2016 
1963,1,13943,13805,1/8/2016 
1964,1,14016,13876,1/7/2016 
1965,1,13932,13794,1/6/2016 
1966,1,14001,13861,1/5/2016 
1967,1,13967,13829,1/4/2016 
1968,1,13864,13726,12/31/2015 
1969,1,13863,13725,12/30/2015 
1970,1,13726,13590,12/29/2015 
1971,1,13707,13571,12/28/2015 
1972,1,13712,13576,12/23/2015 
1973,1,13683,13547,12/22/2015 
1974,1,13941,13803,12/21/2015 
1975,1,14102,13962,12/18/2015 
1976,1,14098,13958,12/17/2015 
1977,1,14120,13980,12/16/2015 
1978,1,14135,13995,12/15/2015 
1979,1,14146,14006,12/14/2015 
1980,1,14007,13867,12/11/2015 
1981,1,14024,13884,12/10/2015 
1982,1,13922,13784,12/8/2015 
1983,1,13906,13768,12/7/2015 
1984,1,13902,13764,12/4/2015 
1985,1,13914,13776,12/3/2015 
1986,1,13826,13688,12/2/2015 
1987,1,13877,13739,12/1/2015 
1988,1,13909,13771,11/30/2015 
1989,1,13816,13678,11/27/2015 
1990,1,13802,13664,11/26/2015 
1991,1,13741,13605,11/25/2015 
1992,1,13792,13654,11/24/2015 
1993,1,13764,13628,11/23/2015 
1994,1,13808,13670,11/20/2015 
1995,1,13856,13718,11/19/2015 
1996,1,13832,13694,11/18/2015 
1997,1,13780,13642,11/17/2015 
1998,1,13801,13663,11/16/2015 
1999,1,13701,13565,11/13/2015 
2000,1,13643,13507,11/12/2015 
2001,1,13644,13508,11/11/2015 
2002,1,13687,13551,11/10/2015 
2003,1,13755,13619,11/9/2015 
2004,1,13618,13482,11/6/2015 
2005,1,13671,13535,11/5/2015 
2006,1,13528,13394,11/4/2015 
2007,1,13662,13526,11/3/2015 
2008,1,13750,13614,11/2/2015 
2009,1,13707,13571,10/30/2015 
2010,1,13630,13494,10/29/2015 
2011,1,13698,13562,10/28/2015 
2012,1,13694,13558,10/27/2015 
2013,1,13711,13575,10/26/2015 
2014,1,13558,13424,10/23/2015 
2015,1,13708,13572,10/22/2015 
2016,1,13764,13628,10/21/2015 
2017,1,13702,13566,10/20/2015 
2018,1,13631,13495,10/19/2015 
2019,1,13602,13466,10/16/2015 
2020,1,13354,13222,10/15/2015 
2021,1,13625,13489,10/13/2015 
2022,1,13533,13399,10/12/2015 
2023,1,13589,13453,10/9/2015 
2024,1,13878,13740,10/8/2015 
2025,1,14135,13995,10/7/2015 
2026,1,14454,14310,10/6/2015 
2027,1,14677,14531,10/5/2015 
2028,1,14783,14635,10/2/2015 
2029,1,14727,14581,10/1/2015 
2030,1,14730,14584,9/30/2015 
2031,1,14802,14654,9/29/2015 
2032,1,14769,14623,9/28/2015 
2033,1,14763,14617,9/25/2015 
2034,1,14696,14550,9/23/2015 
2035,1,14558,14414,9/22/2015 
2036,1,14523,14379,9/21/2015 
2037,1,14535,14391,9/18/2015 
2038,1,14524,14380,9/17/2015 
2039,1,14514,14370,9/16/2015 
2040,1,14443,14299,9/15/2015 
2041,1,14394,14250,9/14/2015 
2042,1,14378,14234,9/11/2015 
2043,1,14394,14250,9/10/2015 
2044,1,14315,14173,9/9/2015 
2045,1,14356,14214,9/8/2015 
2046,1,14305,14163,9/7/2015 
2047,1,14249,14107,9/4/2015 
2048,1,14231,14089,9/3/2015 
2049,1,14198,14056,9/2/2015 
2050,1,14151,14011,9/1/2015 
2051,1,14097,13957,8/31/2015 
2052,1,14081,13941,8/28/2015 
2053,1,14199,14057,8/27/2015 
2054,1,14173,14031,8/26/2015 
2055,1,14137,13997,8/25/2015 
2056,1,14068,13928,8/24/2015 
2057,1,13964,13826,8/21/2015 
2058,1,13907,13769,8/20/2015 
2059,1,13893,13755,8/19/2015 
2060,1,13900,13762,8/18/2015 
2061,1,13832,13694,8/14/2015 
2062,1,13816,13678,8/13/2015 
2063,1,13827,13689,8/12/2015 
2064,1,13609,13473,8/11/2015 
2065,1,13604,13468,8/10/2015 
2066,1,13604,13468,8/7/2015 
2067,1,13597,13461,8/6/2015 
2068,1,13585,13449,8/5/2015 
2069,1,13562,13428,8/4/2015 
2070,1,13559,13425,8/3/2015 
2071,1,13548,13414,7/31/2015 
2072,1,13535,13401,7/30/2015 
2073,1,13511,13377,7/29/2015 
2074,1,13527,13393,7/28/2015 
2075,1,13520,13386,7/27/2015 
2076,1,13515,13381,7/24/2015 
2077,1,13461,13327,7/23/2015 
2078,1,13435,13301,7/22/2015 
2079,1,13396,13262,7/15/2015 
2080,1,13387,13253,7/14/2015 
2081,1,13376,13242,7/13/2015 
2082,1,13371,13237,7/10/2015 
2083,1,13414,13280,7/9/2015 
2084,1,13413,13279,7/8/2015 
2085,1,13380,13246,7/7/2015 
2086,1,13420,13286,7/6/2015 
2087,1,13383,13249,7/3/2015 
2088,1,13404,13270,7/2/2015 
2089,1,13398,13264,7/1/2015 
2090,1,13399,13265,6/30/2015 
2091,1,13423,13289,6/29/2015 
2092,1,13405,13271,6/26/2015 
2093,1,13390,13256,6/25/2015 
2094,1,13346,13214,6/24/2015 
2095,1,13383,13249,6/23/2015 
2096,1,13385,13251,6/22/2015 
2097,1,13391,13257,6/19/2015 
2098,1,13408,13274,6/18/2015 
2099,1,13434,13300,6/17/2015 
2100,1,13400,13266,6/16/2015 
2101,1,13400,13266,6/15/2015 
2102,1,13384,13250,6/12/2015 
2103,1,13358,13226,6/11/2015 
2104,1,13396,13262,6/10/2015 
2105,1,13429,13295,6/9/2015 
2106,1,13427,13293,6/8/2015 
2107,1,13354,13222,6/5/2015 
2108,1,13309,13177,6/4/2015 
2109,1,13262,13130,6/3/2015 
2110,1,13296,13164,6/1/2015 
2111,1,13277,13145,5/29/2015 
2112,1,13271,13139,5/28/2015 
2113,1,13295,13163,5/27/2015 
2114,1,13258,13126,5/26/2015 
2115,1,13252,13120,5/25/2015 
2116,1,13202,13070,5/22/2015 
2117,1,13216,13084,5/21/2015 
2118,1,13235,13103,5/20/2015 
2119,1,13249,13117,5/19/2015 
2120,1,13182,13050,5/18/2015 
2121,1,13155,13025,5/15/2015 
2122,1,13254,13122,5/13/2015 
2123,1,13269,13137,5/12/2015 
2124,1,13182,13050,5/11/2015 
2125,1,13243,13111,5/8/2015 
2126,1,13130,13000,5/7/2015 
2127,1,13105,12975,5/6/2015 
2128,1,13058,12928,5/5/2015 
2129,1,13086,12956,5/4/2015 
2130,1,13002,12872,4/30/2015 
2131,1,13029,12899,4/29/2015 
2132,1,13043,12913,4/28/2015 
2133,1,12987,12857,4/27/2015 
2134,1,13006,12876,4/24/2015 
2135,1,13004,12874,4/23/2015 
2136,1,13017,12887,4/22/2015 
2137,1,13007,12877,4/21/2015 
2138,1,12939,12811,4/20/2015 
2139,1,12927,12799,4/17/2015 
2140,1,12902,12774,4/16/2015 
2141,1,13041,12911,4/15/2015 
2142,1,13044,12914,4/14/2015 
2143,1,13010,12880,4/13/2015 
2144,1,12975,12845,4/10/2015 
2145,1,13038,12908,4/9/2015 
2146,1,13067,12937,4/8/2015 
2147,1,13047,12917,4/7/2015 
2148,1,13007,12877,4/6/2015 
2149,1,13065,12935,4/2/2015 
2150,1,13108,12978,4/1/2015 
2151,1,13149,13019,3/31/2015 
2152,1,13151,13021,3/30/2015 
2153,1,13129,12999,3/27/2015 
2154,1,13068,12938,3/26/2015 
2155,1,12997,12867,3/25/2015 
2156,1,13037,12907,3/24/2015 
2157,1,13141,13011,3/23/2015 
2158,1,13140,13010,3/20/2015 
2159,1,13073,12943,3/19/2015 
2160,1,13230,13098,3/18/2015 
2161,1,13275,13143,3/17/2015 
2162,1,13303,13171,3/16/2015 
2163,1,13257,13125,3/13/2015 
2164,1,13242,13110,3/12/2015 
2165,1,13230,13098,3/11/2015 
2166,1,13124,12994,3/10/2015 
2167,1,13112,12982,3/9/2015 
2168,1,13048,12918,3/6/2015 
2169,1,13087,12957,3/5/2015 
2170,1,13028,12898,3/4/2015 
2171,1,13027,12897,3/3/2015 
2172,1,13058,12928,3/2/2015 
2173,1,12927,12799,2/27/2015 
2174,1,12926,12798,2/26/2015 
2175,1,12951,12823,2/25/2015 
2176,1,12930,12802,2/24/2015 
2177,1,12877,12749,2/23/2015 
2178,1,12913,12785,2/20/2015 
2179,1,12868,12740,2/18/2015 
2180,1,12821,12693,2/17/2015 
2181,1,12806,12678,2/16/2015 
2182,1,12833,12705,2/13/2015 
2183,1,12858,12730,2/12/2015 
2184,1,12764,12636,2/11/2015 
2185,1,12707,12581,2/10/2015 
2186,1,12742,12616,2/9/2015 
2187,1,12676,12550,2/6/2015 
2188,1,12716,12590,2/5/2015 
2189,1,12672,12546,2/4/2015 
2190,1,12706,12580,2/3/2015 
2191,1,12764,12636,2/2/2015 
2192,1,12688,12562,1/30/2015 
2193,1,12578,12452,1/29/2015 
2194,1,12560,12436,1/28/2015 
2195,1,12555,12431,1/27/2015 
2196,1,12580,12454,1/26/2015 
2197,1,12506,12382,1/23/2015 
2198,1,12513,12389,1/22/2015 
2199,1,12620,12494,1/21/2015 
2200,1,12722,12596,1/20/2015 
2201,1,12675,12549,1/19/2015 
2202,1,12656,12530,1/16/2015 
2203,1,12680,12554,1/15/2015 
2204,1,12643,12517,1/14/2015 
2205,1,12671,12545,1/13/2015 
2206,1,12631,12505,1/12/2015 
2207,1,12703,12577,1/9/2015 
2208,1,12795,12667,1/8/2015 
2209,1,12796,12668,1/7/2015 
2210,1,12721,12595,1/6/2015 
2211,1,12652,12526,1/5/2015 
2212,1,12536,12412,1/2/2015 
2213,1,12502,12378,12/31/2014 
2214,1,12498,12374,12/30/2014 
2215,1,12496,12372,12/29/2014 
2216,1,12529,12405,12/24/2014 
2217,1,12518,12394,12/23/2014 
2218,1,12497,12373,12/22/2014 
2219,1,12563,12437,12/19/2014 
2220,1,12628,12502,12/18/2014 
2221,1,12784,12656,12/17/2014 
2222,1,12965,12835,12/16/2014 
2223,1,12662,12536,12/15/2014 
2224,1,12494,12370,12/12/2014 
2225,1,12398,12274,12/11/2014 
2226,1,12398,12274,12/10/2014 
2227,1,12409,12285,12/9/2014 
2228,1,12414,12290,12/8/2014 
2229,1,12357,12235,12/5/2014 
2230,1,12380,12256,12/4/2014 
2231,1,12356,12234,12/3/2014 
2232,1,12337,12215,12/2/2014 
2233,1,12325,12203,12/1/2014 
2234,1,12257,12135,11/28/2014 
2235,1,12240,12118,11/27/2014 
2236,1,12221,12099,11/26/2014 
2237,1,12227,12105,11/25/2014 
2238,1,12183,12061,11/24/2014 
2239,1,12222,12100,11/21/2014 
2240,1,12222,12100,11/20/2014 
2241,1,12185,12063,11/19/2014 
2242,1,12207,12085,11/18/2014 
2243,1,12254,12132,11/17/2014 
2244,1,12267,12145,11/14/2014 
2245,1,12252,12130,11/13/2014 
2246,1,12266,12144,11/12/2014 
2247,1,12224,12102,11/11/2014 
2248,1,12199,12077,11/10/2014 
2249,1,12210,12088,11/7/2014 
2250,1,12240,12118,11/6/2014 
2251,1,12152,12032,11/5/2014 
2252,1,12191,12069,11/4/2014 
2253,1,12166,12044,11/3/2014 
2254,1,12142,12022,10/31/2014 
2255,1,12226,12104,10/30/2014 
2256,1,12224,12102,10/29/2014 
2257,1,12219,12097,10/28/2014 
2258,1,12102,11982,10/27/2014 
2259,1,12125,12005,10/24/2014 
2260,1,12094,11974,10/23/2014 
2261,1,12086,11966,10/22/2014 
2262,1,12053,11933,10/21/2014 
2263,1,12101,11981,10/20/2014 
2264,1,12283,12161,10/17/2014 
2265,1,12268,12146,10/16/2014 
2266,1,12290,12168,10/15/2014 
2267,1,12256,12134,10/14/2014 
2268,1,12263,12141,10/13/2014 
2269,1,12268,12146,10/10/2014 
2270,1,12251,12129,10/9/2014 
2271,1,12302,12180,10/8/2014 
2272,1,12251,12129,10/7/2014 
2273,1,12273,12151,10/6/2014 
2274,1,12205,12083,10/3/2014 
2275,1,12197,12075,10/2/2014 
2276,1,12249,12127,10/1/2014 
2277,1,12273,12151,9/30/2014 
2278,1,12181,12059,9/29/2014 
2279,1,12067,11947,9/26/2014 
2280,1,12007,11887,9/25/2014 
2281,1,12036,11916,9/24/2014 
2282,1,12047,11927,9/23/2014 
2283,1,12032,11912,9/22/2014 
2284,1,12045,11925,9/19/2014 
2285,1,12090,11970,9/18/2014 
2286,1,11968,11848,9/17/2014 
2287,1,11963,11843,9/16/2014 
2288,1,11934,11816,9/15/2014 
2289,1,11890,11772,9/12/2014 
2290,1,11890,11772,9/11/2014 
2291,1,11841,11723,9/10/2014 
2292,1,11813,11695,9/9/2014 
2293,1,11781,11663,9/8/2014 
2294,1,11829,11711,9/5/2014 
2295,1,11819,11701,9/4/2014 
2296,1,11840,11722,9/3/2014 
2297,1,11793,11675,9/2/2014 
2298,1,11769,11651,9/1/2014 
2299,1,11776,11658,8/29/2014 
2300,1,11740,11624,8/28/2014 
2301,1,11767,11649,8/27/2014 
2302,1,11774,11656,8/26/2014 
2303,1,11773,11655,8/25/2014 
2304,1,11712,11596,8/22/2014 
2305,1,11776,11658,8/21/2014 
2306,1,11766,11648,8/20/2014 
2307,1,11740,11624,8/19/2014 
2308,1,11739,11623,8/18/2014 
2309,1,11751,11635,8/15/2014 
2310,1,11725,11609,8/14/2014 
2311,1,11741,11625,8/13/2014 
2312,1,11735,11619,8/12/2014 
2313,1,11787,11669,8/11/2014 
2314,1,11881,11763,8/8/2014 
2315,1,11825,11707,8/7/2014 
2316,1,11815,11697,8/6/2014 
2317,1,11792,11674,8/5/2014 
2318,1,11806,11688,8/4/2014 
2319,1,11649,11533,8/1/2014 
2320,1,11649,11533,7/25/2014 
2321,1,11589,11473,7/24/2014 
2322,1,11555,11441,7/23/2014 
2323,1,11589,11473,7/22/2014 
2324,1,11635,11519,7/21/2014 
2325,1,11765,11647,7/18/2014 
2326,1,11726,11610,7/17/2014 
2327,1,11864,11746,7/16/2014 
2328,1,11768,11650,7/15/2014 
2329,1,11685,11569,7/14/2014 
2330,1,11685,11569,7/11/2014 
2331,1,11607,11491,7/10/2014 
2332,1,11753,11637,7/8/2014 
2333,1,11846,11728,7/7/2014 
2334,1,11946,11828,7/4/2014 
2335,1,12023,11903,7/3/2014 
2336,1,11913,11795,7/2/2014 
2337,1,11857,11739,7/1/2014 
2338,1,12029,11909,6/30/2014 
2339,1,12164,12042,6/27/2014 
2340,1,12151,12031,6/26/2014 
2341,1,12087,11967,6/25/2014 
2342,1,12060,11940,6/24/2014 
2343,1,12031,11911,6/23/2014 
2344,1,12027,11907,6/20/2014 
2345,1,11976,11856,6/19/2014 
2346,1,12038,11918,6/18/2014 
2347,1,11922,11804,6/17/2014 
2348,1,11873,11755,6/16/2014 
2349,1,11840,11722,6/13/2014 
2350,1,11872,11754,6/12/2014 
2351,1,11862,11744,6/11/2014 
2352,1,11865,11747,6/10/2014 
2353,1,11849,11731,6/9/2014 
2354,1,11882,11764,6/6/2014 
2355,1,11933,11815,6/5/2014 
2356,1,11869,11751,6/4/2014 
2357,1,11865,11747,6/3/2014 
2358,1,11799,11681,6/2/2014 
2359,1,11669,11553,5/30/2014 
2360,1,11671,11555,5/28/2014 
2361,1,11691,11575,5/26/2014 
2362,1,11618,11502,5/23/2014 
2363,1,11573,11457,5/22/2014 
2364,1,11565,11449,5/21/2014 
2365,1,11498,11384,5/20/2014 
2366,1,11408,11294,5/19/2014 
2367,1,11472,11358,5/16/2014 
2368,1,11544,11430,5/14/2014 
2369,1,11583,11467,5/13/2014 
2370,1,11594,11478,5/12/2014 
2371,1,11621,11505,5/9/2014 
2372,1,11682,11566,5/8/2014 
2373,1,11585,11469,5/7/2014 
2374,1,11569,11453,5/6/2014 
2375,1,11569,11453,5/5/2014 
2376,1,11595,11479,5/2/2014 
2377,1,11590,11474,4/30/2014 
2378,1,11647,11531,4/29/2014 
2379,1,11626,11510,4/28/2014 
2380,1,11659,11543,4/25/2014 
2381,1,11666,11550,4/24/2014 
2382,1,11648,11532,4/23/2014 
2383,1,11543,11429,4/22/2014 
2384,1,11487,11373,4/21/2014 
2385,1,11475,11361,4/17/2014 
2386,1,11495,11381,4/16/2014 
2387,1,11491,11377,4/15/2014 
2388,1,11501,11387,4/14/2014 
2389,1,11507,11393,4/11/2014 
2390,1,11399,11285,4/10/2014 
2391,1,11366,11252,4/8/2014 
2392,1,11338,11226,4/7/2014 
2393,1,11367,11253,4/4/2014 
2394,1,11367,11253,4/3/2014 
2395,1,11360,11246,4/2/2014 
2396,1,11327,11215,4/1/2014 
2397,1,11461,11347,3/28/2014 
2398,1,11495,11381,3/27/2014 
2399,1,11465,11351,3/26/2014 
2400,1,11414,11300,3/25/2014 
2401,1,11441,11327,3/24/2014 
2402,1,11488,11374,3/21/2014 
2403,1,11464,11350,3/20/2014 
2404,1,11370,11256,3/19/2014 
2405,1,11338,11226,3/18/2014 
2406,1,11328,11216,3/17/2014 
2407,1,11478,11364,3/14/2014 
2408,1,11444,11330,3/13/2014 
2409,1,11489,11375,3/12/2014 
2410,1,11441,11327,3/11/2014 
2411,1,11506,11392,3/10/2014 
2412,1,11452,11338,3/7/2014 
2413,1,11612,11496,3/6/2014 
2414,1,11638,11522,3/5/2014 
2415,1,11705,11589,3/4/2014 
2416,1,11654,11538,3/3/2014 
2417,1,11692,11576,2/28/2014 
2418,1,11733,11617,2/27/2014 
2419,1,11727,11611,2/26/2014 
2420,1,11678,11562,2/25/2014 
2421,1,11787,11669,2/24/2014 
2422,1,11851,11733,2/21/2014 
2423,1,11831,11713,2/20/2014 
2424,1,11909,11791,2/19/2014 
2425,1,11885,11767,2/18/2014 
2426,1,11775,11657,2/17/2014 
2427,1,11945,11827,2/14/2014 
2428,1,12133,12013,2/13/2014 
2429,1,12176,12054,2/12/2014 
2430,1,12235,12113,2/11/2014 
2431,1,12227,12105,2/10/2014 
2432,1,12237,12115,2/7/2014 
2433,1,12220,12098,2/6/2014 
2434,1,12233,12111,2/5/2014 
2435,1,12309,12187,2/4/2014 
2436,1,12312,12190,2/3/2014 
2437,1,12287,12165,1/30/2014 
2438,1,12215,12093,1/29/2014 
2439,1,12328,12206,1/28/2014 
2440,1,12259,12137,1/27/2014 
2441,1,12238,12116,1/24/2014 
2442,1,12234,12112,1/23/2014 
2443,1,12210,12088,1/22/2014 
2444,1,12183,12061,1/21/2014 
2445,1,12171,12049,1/20/2014 
2446,1,12188,12066,1/17/2014 
2447,1,12178,12056,1/16/2014 
2448,1,12137,12017,1/15/2014 
2449,1,12107,11987,1/13/2014 
2450,1,12258,12136,1/10/2014 
2451,1,12324,12202,1/9/2014 
2452,1,12290,12168,1/8/2014 
2453,1,12323,12201,1/7/2014 
2454,1,12291,12169,1/6/2014 
2455,1,12287,12165,1/3/2014 
2456,1,12303,12181,1/2/2014 
