tanggal,jual,beli,date,formatted_date
12/29/2023,15493,15339,,
12/28/2023,15491,15337,,
12/27/2023,15566,15412,,
12/22/2023,15611,15455,,
12/21/2023,15590,15434,,
12/20/2023,15584,15428,,
12/19/2023,15594,15438,,
12/18/2023,15581,15425,,
12/15/2023,15570,15416,,
12/14/2023,15707,15551,,
12/13/2023,15709,15553,,
12/12/2023,15692,15536,,
12/11/2023,15578,15423,,
12/08/2023,15614,15458,,
12/07/2023,15582,15426,,
12/06/2023,15582,15426,,
12/05/2023,15523,15369,,
12/04/2023,15602,15446,,
12/01/2023,15561,15407,,
11/30/2023,15461,15307,,
11/29/2023,15527,15373,,
11/28/2023,15605,15449,,
11/27/2023,15665,15509,,
11/24/2023,15671,15515,,
11/23/2023,15662,15506,,
11/22/2023,15513,15359,,
11/21/2023,15496,15342,,
11/20/2023,15582,15426,,
11/17/2023,15673,15517,,
11/16/2023,15581,15425,,
11/15/2023,15778,15621,,
11/14/2023,15792,15634,,
11/13/2023,15771,15615,,
11/10/2023,15727,15571,,
11/09/2023,15707,15551,,
11/08/2023,15671,15515,,
11/07/2023,15628,15472,,
11/06/2023,15850,15692,,
11/03/2023,15940,15782,,
11/02/2023,16026,15866,,
11/01/2023,15976,15818,,
10/31/2023,15996,15836,,
10/30/2023,16021,15861,,
10/27/2023,16013,15853,,
10/26/2023,15950,15792,,
10/25/2023,15948,15790,,
10/24/2023,16023,15863,,
10/23/2023,15935,15777,,
10/20/2023,15917,15759,,
10/19/2023,15810,15652,,
10/18/2023,15797,15639,,
10/17/2023,15795,15637,,
10/16/2023,15788,15630,,
10/13/2023,15781,15623,,
10/12/2023,15789,15631,,
10/11/2023,15787,15629,,
10/10/2023,15753,15597,,
10/09/2023,15706,15550,,
10/06/2023,15679,15523,,
10/05/2023,15714,15558,,
10/04/2023,15678,15522,,
10/03/2023,15597,15441,,
10/02/2023,15564,15410,,
9/29/2023,15604,15448,,
9/27/2023,15541,15387,,
9/26/2023,15476,15322,,
9/25/2023,15460,15306,,
9/22/2023,15474,15320,,
9/21/2023,15473,15319,,
9/20/2023,15458,15304,,
9/19/2023,15450,15296,,
9/18/2023,15444,15290,,
9/15/2023,15434,15280,,
9/14/2023,15444,15290,,
9/13/2023,15421,15267,,
09/12/2023,15429,15275,,
09/11/2023,15418,15264,,
09/08/2023,15411,15257,,
09/07/2023,15384,15230,,
09/06/2023,15336,15184,,
09/05/2023,15323,15171,,
09/04/2023,15328,15176,,
09/01/2023,15313,15161,,
8/31/2023,15315,15163,,
8/30/2023,15339,15187,,
8/29/2023,15370,15218,,
8/28/2023,15373,15221,,
8/25/2023,15329,15177,,
8/24/2023,15396,15242,,
8/23/2023,15403,15249,,
8/22/2023,15406,15252,,
8/21/2023,15385,15231,,
8/18/2023,15385,15231,,
8/16/2023,15423,15269,,
8/15/2023,15400,15246,,
8/14/2023,15301,15149,,
08/11/2023,15280,15128,,
08/10/2023,15282,15130,,
08/09/2023,15305,15153,,
08/08/2023,15254,15102,,
08/07/2023,15244,15092,,
08/04/2023,15274,15122,,
08/03/2023,15247,15095,,
08/02/2023,15193,15041,,
08/01/2023,15167,15017,,
7/31/2023,15158,15008,,
7/28/2023,15078,14928,,
7/27/2023,15107,14957,,
7/26/2023,15082,14932,,
7/25/2023,15103,14953,,
7/24/2023,15101,14951,,
7/21/2023,15066,14916,,
7/20/2023,15069,14919,,
7/18/2023,15082,14932,,
7/17/2023,15020,14870,,
7/14/2023,15053,14903,,
7/13/2023,15159,15009,,
07/12/2023,15238,15086,,
07/11/2023,15268,15116,,
07/10/2023,15212,15060,,
07/07/2023,15137,14987,,
07/06/2023,15088,14938,,
07/05/2023,15093,14943,,
07/04/2023,15109,14959,,
07/03/2023,15075,14925,,
6/27/2023,15101,14951,,
6/26/2023,15073,14923,,
6/23/2023,14993,14843,,
6/22/2023,15057,14907,,
6/21/2023,15115,14965,,
6/20/2023,15069,14919,,
6/19/2023,15020,14870,,
6/16/2023,15018,14868,,
6/15/2023,14969,14821,,
6/14/2023,14942,14794,,
6/13/2023,14948,14800,,
06/12/2023,14927,14779,,
06/09/2023,14978,14828,,
06/08/2023,14949,14801,,
06/07/2023,14913,14765,,
06/06/2023,14962,14814,,
06/05/2023,15078,14928,,
5/31/2023,15044,14894,,
5/30/2023,15048,14898,,
5/29/2023,15034,14884,,
5/26/2023,15027,14877,,
5/25/2023,14980,14830,,
5/24/2023,14952,14804,,
5/23/2023,14971,14823,,
5/22/2023,15011,14861,,
5/19/2023,14949,14801,,
5/17/2023,14884,14736,,
5/16/2023,14886,14738,,
5/15/2023,14826,14678,,
05/12/2023,14796,14648,,
05/11/2023,14820,14672,,
05/10/2023,14831,14683,,
05/09/2023,14783,14635,,
05/08/2023,14747,14601,,
05/05/2023,14705,14559,,
05/04/2023,14780,14632,,
05/03/2023,14777,14629,,
05/02/2023,14734,14588,,
4/28/2023,14825,14677,,
4/27/2023,14956,14808,,
4/26/2023,14929,14781,,
4/18/2023,14847,14699,,
4/17/2023,14739,14593,,
4/14/2023,14866,14718,,
4/13/2023,14940,14792,,
04/12/2023,14962,14814,,
04/11/2023,14980,14830,,
04/10/2023,15018,14868,,
04/06/2023,15008,14858,,
04/05/2023,14988,14838,,
04/04/2023,15065,14915,,
04/03/2023,15052,14902,,
3/31/2023,15137,14987,,
3/30/2023,15169,15019,,
3/29/2023,15163,15013,,
3/28/2023,15250,15098,,
3/27/2023,15265,15113,,
3/24/2023,15426,15272,,
3/21/2023,15449,15295,,
3/20/2023,15441,15287,,
3/17/2023,15495,15341,,
3/16/2023,15442,15288,,
3/15/2023,15457,15303,,
3/14/2023,15451,15297,,
3/13/2023,15545,15391,,
03/10/2023,15515,15361,,
03/09/2023,15528,15374,,
03/08/2023,15436,15282,,
03/07/2023,15378,15225,,
03/06/2023,15383,15229,,
03/03/2023,15349,15197,,
03/02/2023,15326,15174,,
03/01/2023,15316,15164,,
2/28/2023,15350,15198,,
2/27/2023,15292,15140,,
2/24/2023,15263,15111,,
2/23/2023,15294,15142,,
2/22/2023,15255,15103,,
2/21/2023,15244,15092,,
2/20/2023,15275,15123,,
2/17/2023,15252,15100,,
2/16/2023,15270,15118,,
2/15/2023,15244,15092,,
2/14/2023,15292,15140,,
2/13/2023,15216,15064,,
02/10/2023,15196,15044,,
02/09/2023,15198,15046,,
02/08/2023,15215,15063,,
02/07/2023,15130,14980,,
02/06/2023,14972,14824,,
02/03/2023,14942,14794,,
02/02/2023,15066,14916,,
02/01/2023,15067,14917,,
1/31/2023,15054,14904,,
1/30/2023,15053,14903,,
1/27/2023,15039,14889,,
1/26/2023,15033,14883,,
1/25/2023,15005,14855,,
1/24/2023,15197,15045,,
1/20/2023,15189,15037,,
1/19/2023,15213,15061,,
1/18/2023,15230,15078,,
1/17/2023,15094,14944,,
1/16/2023,15253,15101,,
1/13/2023,15443,15289,,
01/12/2023,15605,15449,,
01/11/2023,15667,15511,,
01/10/2023,15652,15496,,
01/09/2023,15713,15557,,
01/06/2023,15688,15532,,
01/05/2023,15693,15537,,
01/04/2023,15668,15512,,
01/03/2023,15650,15494,,
01/02/2023,15670,15514,,
12/30/2022,15810,15652,,
12/29/2022,15782,15624,,
12/28/2022,15737,15581,,
12/27/2022,15714,15558,,
12/26/2022,15683,15527,,
12/23/2022,15672,15516,,
12/22/2022,15679,15523,,
12/21/2022,15686,15530,,
12/20/2022,15699,15543,,
12/19/2022,15695,15539,,
12/16/2022,15708,15552,,
12/15/2022,15697,15541,,
12/14/2022,15739,15583,,
12/13/2022,15720,15564,,
12/12/2022,15665,15509,,
12/09/2022,15702,15546,,
12/08/2022,15697,15541,,
12/07/2022,15654,15498,,
12/06/2022,15486,15332,,
12/05/2022,15506,15352,,
12/02/2022,15695,15539,,
12/01/2022,15821,15663,,
11/30/2022,15816,15658,,
11/29/2022,15808,15650,,
11/28/2022,15746,15590,,
11/25/2022,15725,15569,,
11/24/2022,15779,15622,,
11/23/2022,15795,15637,,
11/22/2022,15786,15628,,
11/21/2022,15770,15614,,
11/18/2022,15765,15609,,
11/17/2022,15688,15532,,
11/16/2022,15642,15486,,
11/15/2022,15577,15422,,
11/14/2022,15570,15416,,
11/11/2022,15780,15623,,
11/10/2022,15732,15576,,
11/09/2022,15762,15606,,
11/08/2022,15770,15614,,
11/07/2022,15815,15657,,
11/04/2022,15759,15603,,
11/03/2022,15730,15574,,
11/02/2022,15725,15569,,
11/01/2022,15674,15518,,
10/31/2022,15620,15464,,
10/28/2022,15651,15495,,
10/27/2022,15674,15518,,
10/26/2022,15694,15538,,
10/25/2022,15668,15512,,
10/24/2022,15688,15532,,
10/21/2022,15657,15501,,
10/20/2022,15568,15414,,
10/19/2022,15546,15392,,
10/18/2022,15557,15403,,
10/17/2022,15467,15313,,
10/14/2022,15434,15280,,
10/13/2022,15450,15296,,
10/12/2022,15439,15285,,
10/11/2022,15376,15223,,
10/10/2022,15322,15170,,
10/07/2022,15273,15121,,
10/06/2022,15272,15120,,
10/05/2022,15352,15200,,
10/04/2022,15369,15217,,
10/03/2022,15308,15156,,
9/30/2022,15323,15171,,
9/29/2022,15319,15167,,
9/28/2022,15231,15079,,
9/27/2022,15195,15043,,
9/26/2022,15110,14960,,
9/23/2022,15108,14958,,
9/22/2022,15086,14936,,
9/21/2022,15050,14900,,
9/20/2022,15055,14905,,
9/19/2022,15014,14864,,
9/16/2022,14974,14825,,
9/15/2022,14998,14848,,
9/14/2022,14935,14787,,
9/13/2022,14913,14765,,
09/12/2022,14920,14772,,
09/09/2022,14980,14830,,
09/08/2022,15002,14852,,
09/07/2022,14959,14811,,
09/06/2022,14995,14845,,
09/05/2022,14975,14826,,
09/02/2022,14958,14810,,
09/01/2022,14927,14779,,
8/31/2022,14949,14801,,
8/30/2022,14961,14813,,
8/29/2022,14888,14740,,
8/26/2022,14901,14753,,
8/25/2022,14925,14777,,
8/24/2022,14967,14819,,
8/23/2022,14956,14808,,
8/22/2022,14932,14784,,
8/19/2022,14896,14748,,
8/18/2022,14841,14693,,
8/16/2022,14801,14653,,
8/15/2022,14761,14615,,
08/12/2022,14873,14725,,
08/11/2022,14949,14801,,
08/10/2022,14936,14788,,
08/09/2022,14990,14840,,
08/08/2022,14979,14829,,
08/05/2022,15004,14854,,
08/04/2022,14992,14842,,
08/03/2022,14962,14814,,
08/02/2022,14948,14800,,
08/01/2022,14934,14786,,
7/29/2022,15033,14883,,
7/28/2022,15095,14945,,
7/27/2022,15059,14909,,
7/26/2022,15067,14917,,
7/25/2022,15099,14949,,
7/22/2022,15092,14942,,
7/21/2022,15059,14909,,
7/20/2022,15067,14917,,
7/19/2022,15061,14911,,
7/18/2022,15074,14924,,
7/15/2022,15074,14924,,
7/14/2022,15060,14910,,
7/13/2022,15068,14918,,
07/12/2022,15044,14894,,
07/11/2022,15056,14906,,
07/08/2022,15061,14911,,
07/07/2022,15090,14940,,
07/06/2022,15065,14915,,
07/05/2022,15035,14885,,
07/04/2022,15031,14881,,
07/01/2022,14956,14808,,
6/30/2022,14922,14774,,
6/29/2022,14911,14763,,
6/28/2022,14876,14728,,
6/27/2022,14920,14772,,
6/24/2022,14909,14761,,
6/23/2022,14934,14786,,
6/22/2022,14878,14730,,
6/21/2022,14910,14762,,
6/20/2022,14902,14754,,
6/17/2022,14815,14667,,
6/16/2022,14820,14672,,
6/15/2022,14803,14655,,
6/14/2022,14745,14599,,
6/13/2022,14642,14496,,
06/10/2022,14628,14482,,
06/09/2022,14549,14405,,
06/08/2022,14536,14392,,
06/07/2022,14534,14390,,
06/06/2022,14503,14359,,
06/03/2022,14599,14453,,
06/02/2022,14665,14519,,
5/31/2022,14617,14471,,
5/30/2022,14651,14505,,
5/27/2022,14718,14572,,
5/25/2022,14726,14580,,
5/24/2022,14738,14592,,
5/23/2022,14734,14588,,
5/20/2022,14805,14657,,
5/19/2022,14755,14609,,
5/18/2022,14724,14578,,
5/17/2022,14692,14546,,
5/13/2022,14658,14512,,
05/12/2022,14619,14473,,
05/11/2022,14619,14473,,
05/10/2022,14607,14461,,
05/09/2022,14552,14408,,
4/28/2022,14490,14346,,
4/27/2022,14484,14340,,
4/26/2022,14524,14380,,
4/25/2022,14433,14289,,
4/22/2022,14420,14276,,
4/21/2022,14423,14279,,
4/20/2022,14419,14275,,
4/19/2022,14428,14284,,
4/18/2022,14421,14277,,
4/14/2022,14431,14287,,
4/13/2022,14436,14292,,
04/12/2022,14442,14298,,
04/11/2022,14437,14293,,
04/08/2022,14431,14287,,
04/07/2022,14436,14292,,
04/06/2022,14420,14276,,
04/05/2022,14434,14290,,
04/04/2022,14436,14292,,
04/01/2022,14429,14285,,
3/31/2022,14421,14277,,
3/30/2022,14436,14292,,
3/29/2022,14432,14288,,
3/28/2022,14413,14269,,
3/25/2022,14433,14289,,
3/24/2022,14423,14279,,
3/23/2022,14430,14286,,
3/22/2022,14413,14269,,
3/21/2022,14412,14268,,
3/18/2022,14361,14219,,
3/17/2022,14383,14239,,
3/16/2022,14393,14249,,
3/15/2022,14400,14256,,
3/14/2022,14378,14234,,
03/11/2022,14369,14227,,
03/10/2022,14443,14299,,
03/09/2022,14466,14322,,
03/08/2022,14483,14339,,
03/07/2022,14455,14311,,
03/04/2022,14445,14301,,
03/02/2022,14422,14278,,
03/01/2022,14441,14297,,
2/25/2022,14443,14299,,
2/24/2022,14427,14283,,
2/23/2022,14434,14290,,
2/22/2022,14401,14257,,
2/21/2022,14411,14267,,
2/18/2022,14373,14230,,
2/17/2022,14349,14207,,
2/16/2022,14363,14221,,
2/15/2022,14410,14266,,
2/14/2022,14431,14287,,
02/11/2022,14416,14272,,
02/10/2022,14438,14294,,
02/09/2022,14457,14313,,
02/08/2022,14476,14332,,
02/07/2022,14448,14304,,
02/04/2022,14453,14309,,
02/03/2022,14419,14275,,
02/02/2022,14464,14320,,
1/31/2022,14453,14309,,
1/28/2022,14457,14313,,
1/27/2022,14418,14274,,
1/26/2022,14430,14286,,
1/25/2022,14399,14255,,
1/24/2022,14419,14275,,
1/21/2022,14426,14282,,
1/20/2022,14442,14298,,
1/19/2022,14397,14253,,
1/18/2022,14395,14251,,
1/17/2022,14382,14238,,
1/14/2022,14383,14239,,
1/13/2022,14374,14230,,
01/12/2022,14371,14228,,
01/11/2022,14395,14251,,
01/10/2022,14432,14288,,
01/07/2022,14468,14324,,
01/06/2022,14437,14293,,
01/05/2022,14382,14238,,
01/04/2022,14341,14199,,
01/03/2022,14349,14207,,
12/31/2021,14340,14198,,
12/30/2021,14336,14194,,
12/29/2021,14308,14166,,
12/28/2021,14296,14154,,
12/27/2021,14290,14148,,
12/24/2021,14322,14180,,
12/23/2021,14335,14193,,
12/22/2021,14421,14277,,
12/21/2021,14456,14312,,
12/20/2021,14415,14271,,
12/17/2021,14415,14271,,
12/16/2021,14409,14265,,
12/15/2021,14420,14276,,
12/14/2021,14418,14274,,
12/13/2021,14450,14306,,
12/10/2021,14423,14279,,
12/09/2021,14420,14276,,
12/08/2021,14480,14336,,
12/07/2021,14513,14369,,
12/06/2021,14480,14336,,
12/03/2021,14450,14306,,
12/02/2021,14425,14281,,
12/01/2021,14392,14248,,
11/30/2021,14412,14268,,
11/29/2021,14351,14209,,
11/26/2021,14351,14209,,
11/25/2021,14343,14201,,
11/24/2021,14343,14201,,
11/23/2021,14326,14184,,
11/22/2021,14308,14166,,
11/19/2021,14302,14160,,
11/18/2021,14330,14188,,
11/17/2021,14282,14140,,
11/16/2021,14277,14135,,
11/15/2021,14314,14172,,
11/12/2021,14359,14217,,
11/11/2021,14324,14182,,
11/10/2021,14304,14162,,
11/09/2021,14339,14197,,
11/08/2021,14446,14302,,
11/05/2021,14399,14255,,
11/04/2021,14373,14230,,
11/03/2021,14332,14190,,
11/02/2021,14306,14164,,
11/01/2021,14242,14100,,
10/29/2021,14270,14128,,
10/28/2021,14255,14113,,
10/27/2021,14236,14094,,
10/26/2021,14254,14112,,
10/25/2021,14233,14091,,
10/22/2021,14204,14062,,
10/21/2021,14150,14010,,
10/19/2021,14166,14026,,
10/18/2021,14154,14014,,
10/15/2021,14226,14084,,
10/14/2021,14292,14150,,
10/13/2021,14288,14146,,
10/12/2021,14281,14139,,
10/11/2021,14296,14154,,
10/08/2021,14309,14167,,
10/07/2021,14316,14174,,
10/06/2021,14331,14189,,
10/05/2021,14347,14205,,
10/04/2021,14387,14243,,
10/01/2021,14393,14249,,
9/30/2021,14379,14235,,
9/29/2021,14340,14198,,
9/28/2021,14329,14187,,
9/27/2021,14321,14179,,
9/24/2021,14327,14185,,
9/23/2021,14320,14178,,
9/22/2021,14315,14173,,
9/21/2021,14322,14180,,
9/20/2021,14304,14162,,
9/17/2021,14309,14167,,
9/16/2021,14323,14181,,
9/15/2021,14328,14186,,
9/14/2021,14331,14189,,
9/13/2021,14296,14154,,
09/10/2021,14343,14201,,
09/09/2021,14337,14195,,
09/08/2021,14266,14124,,
09/07/2021,14310,14168,,
09/06/2021,14332,14190,,
09/03/2021,14352,14210,,
09/02/2021,14355,14213,,
09/01/2021,14378,14234,,
8/31/2021,14446,14302,,
8/30/2021,14503,14359,,
8/27/2021,14495,14351,,
8/26/2021,14480,14336,,
8/25/2021,14463,14319,,
8/24/2021,14487,14343,,
8/23/2021,14536,14392,,
8/20/2021,14486,14342,,
8/19/2021,14456,14312,,
8/18/2021,14455,14311,,
8/16/2021,14460,14316,,
8/13/2021,14461,14317,,
08/12/2021,14469,14325,,
08/10/2021,14450,14306,,
08/09/2021,14441,14297,,
08/06/2021,14414,14270,,
08/05/2021,14396,14252,,
08/04/2021,14434,14290,,
08/03/2021,14528,14384,,
08/02/2021,14534,14390,,
7/30/2021,14563,14419,,
7/29/2021,14570,14426,,
7/28/2021,14561,14417,,
7/27/2021,14566,14422,,
7/26/2021,14574,14429,,
7/23/2021,14581,14435,,
7/22/2021,14627,14481,,
7/21/2021,14597,14451,,
7/19/2021,14590,14444,,
7/16/2021,14576,14430,,
7/15/2021,14565,14421,,
7/14/2021,14558,14414,,
7/13/2021,14558,14414,,
07/12/2021,14621,14475,,
07/09/2021,14621,14475,,
07/08/2021,14573,14428,,
07/07/2021,14540,14396,,
07/06/2021,14554,14410,,
07/05/2021,14637,14491,,
07/02/2021,14612,14466,,
07/01/2021,14615,14469,,
6/30/2021,14568,14424,,
6/29/2021,14544,14400,,
6/28/2021,14519,14375,,
6/25/2021,14534,14390,,
6/24/2021,14526,14382,,
6/23/2021,14493,14349,,
6/22/2021,14525,14381,,
6/21/2021,14475,14331,,
6/18/2021,14450,14306,,
6/17/2021,14328,14186,,
6/16/2021,14315,14173,,
6/15/2021,14293,14151,,
6/14/2021,14277,14135,,
06/11/2021,14311,14169,,
06/10/2021,14333,14191,,
06/09/2021,14333,14191,,
06/08/2021,14342,14200,,
06/07/2021,14388,14244,,
06/04/2021,14368,14226,,
06/03/2021,14347,14205,,
06/02/2021,14363,14221,,
06/01/2021,14382,14238,,
5/31/2021,14382,14238,,
5/28/2021,14384,14240,,
5/27/2021,14407,14263,,
5/26/2021,14434,14290,,
5/25/2021,14434,14290,,
5/24/2021,14447,14303,,
5/21/2021,14468,14324,,
5/20/2021,14385,14241,,
5/19/2021,14372,14229,,
5/18/2021,14355,14213,,
5/17/2021,14274,14132,,
5/14/2021,14269,14127,,
5/13/2021,14269,14127,,
05/12/2021,14269,14127,,
05/11/2021,14269,14127,,
05/10/2021,14360,14218,,
05/07/2021,14436,14292,,
05/06/2021,14511,14367,,
05/05/2021,14503,14359,,
05/04/2021,14539,14395,,
05/03/2021,14525,14381,,
4/30/2021,14540,14396,,
4/29/2021,14583,14437,,
4/28/2021,14569,14425,,
4/27/2021,14561,14417,,
4/26/2021,14621,14475,,
4/23/2021,14603,14457,,
4/22/2021,14622,14476,,
4/21/2021,14581,14435,,
4/20/2021,14641,14495,,
4/19/2021,14665,14519,,
4/16/2021,14719,14573,,
4/15/2021,14706,14560,,
4/14/2021,14721,14575,,
4/13/2021,14704,14558,,
04/12/2021,14653,14507,,
04/09/2021,14653,14507,,
04/08/2021,14586,14440,,
04/07/2021,14592,14446,,
04/06/2021,14606,14460,,
04/05/2021,14657,14511,,
04/02/2021,14650,14504,,
04/01/2021,14650,14504,,
3/31/2021,14645,14499,,
3/30/2021,14553,14409,,
3/29/2021,14506,14362,,
3/26/2021,14518,14374,,
3/25/2021,14536,14392,,
3/24/2021,14527,14383,,
3/23/2021,14493,14349,,
3/22/2021,14528,14384,,
3/19/2021,14548,14404,,
3/18/2021,14484,14340,,
3/17/2021,14531,14387,,
3/16/2021,14496,14352,,
3/15/2021,14490,14346,,
03/12/2021,14443,14299,,
03/11/2021,14493,14349,,
03/10/2021,14493,14349,,
03/09/2021,14540,14396,,
03/08/2021,14462,14318,,
03/05/2021,14443,14299,,
03/04/2021,14371,14228,,
03/03/2021,14406,14262,,
03/02/2021,14379,14235,,
03/01/2021,14372,14229,,
2/26/2021,14300,14158,,
2/25/2021,14175,14033,,
2/24/2021,14159,14019,,
2/23/2021,14197,14055,,
2/22/2021,14168,14028,,
2/19/2021,14155,14015,,
2/18/2021,14129,13989,,
2/17/2021,14089,13949,,
2/16/2021,13944,13806,,
2/15/2021,14016,13876,,
02/12/2021,14081,13941,,
02/11/2021,14081,13941,,
02/10/2021,14059,13919,,
02/09/2021,14070,13930,,
02/08/2021,14070,13930,,
02/05/2021,14132,13992,,
02/04/2021,14106,13966,,
02/03/2021,14087,13947,,
02/02/2021,14114,13974,,
02/01/2021,14112,13972,,
1/29/2021,14154,14014,,
1/28/2021,14190,14048,,
1/27/2021,14161,14021,,
1/26/2021,14156,14016,,
1/25/2021,14152,14012,,
1/22/2021,14124,13984,,
1/21/2021,14109,13969,,
1/20/2021,14135,13995,,
1/19/2021,14156,14016,,
1/18/2021,14150,14010,,
1/15/2021,14138,13998,,
1/14/2021,14190,14048,,
1/13/2021,14180,14038,,
01/12/2021,14302,14160,,
01/11/2021,14226,14084,,
01/08/2021,14128,13988,,
01/07/2021,14008,13868,,
01/06/2021,13996,13856,,
01/05/2021,14015,13875,,
01/04/2021,13973,13833,,
12/31/2020,14176,14034,,
12/30/2020,14176,14034,,
12/29/2020,14240,14098,,
12/28/2020,14255,14113,,
12/25/2020,14353,14211,,
12/24/2020,14353,14211,,
12/23/2020,14353,14211,,
12/22/2020,14289,14147,,
12/21/2020,14251,14109,,
12/18/2020,14217,14075,,
12/17/2020,14223,14081,,
12/16/2020,14222,14080,,
12/15/2020,14242,14100,,
12/14/2020,14229,14087,,
12/11/2020,14173,14031,,
12/10/2020,14201,14059,,
12/09/2020,14235,14093,,
12/08/2020,14235,14093,,
12/07/2020,14206,14064,,
12/04/2020,14253,14111,,
12/03/2020,14248,14106,,
12/02/2020,14235,14093,,
12/01/2020,14249,14107,,
11/30/2020,14199,14057,,
11/27/2020,14216,14074,,
11/26/2020,14201,14059,,
11/25/2020,14240,14098,,
11/24/2020,14267,14125,,
11/23/2020,14235,14093,,
11/20/2020,14299,14157,,
11/19/2020,14238,14096,,
11/18/2020,14189,14047,,
11/17/2020,14143,14003,,
11/16/2020,14210,14068,,
11/13/2020,14293,14151,,
11/12/2020,14258,14116,,
11/11/2020,14146,14006,,
11/10/2020,14085,13945,,
11/09/2020,14243,14101,,
11/06/2020,14393,14249,,
11/05/2020,14511,14367,,
11/04/2020,14630,14484,,
11/03/2020,14682,14536,,
11/02/2020,14792,14644,,
10/30/2020,14763,14617,,
10/29/2020,14763,14617,,
10/28/2020,14763,14617,,
10/27/2020,14763,14617,,
10/26/2020,14770,14624,,
10/23/2020,14812,14664,,
10/22/2020,14770,14624,,
10/21/2020,14731,14585,,
10/20/2020,14803,14655,,
10/19/2020,14815,14667,,
10/16/2020,14840,14692,,
10/15/2020,14834,14686,,
10/14/2020,14854,14706,,
10/13/2020,14867,14719,,
10/12/2020,14820,14672,,
10/09/2020,14811,14663,,
10/08/2020,14824,14676,,
10/07/2020,14858,14710,,
10/06/2020,14786,14638,,
10/05/2020,14941,14793,,
10/02/2020,14964,14816,,
10/01/2020,14950,14802,,
9/30/2020,14993,14843,,
9/29/2020,14995,14845,,
9/28/2020,15034,14884,,
9/25/2020,15026,14876,,
9/24/2020,15024,14874,,
9/23/2020,14909,14761,,
9/22/2020,14856,14708,,
9/21/2020,14797,14649,,
9/18/2020,14842,14694,,
9/17/2020,14952,14804,,
9/16/2020,14918,14770,,
9/15/2020,14944,14796,,
9/14/2020,15049,14899,,
09/11/2020,15054,14904,,
09/10/2020,14945,14797,,
09/09/2020,14927,14779,,
09/08/2020,14872,14724,,
09/07/2020,14828,14680,,
09/04/2020,14866,14718,,
09/03/2020,14892,14744,,
09/02/2020,14878,14730,,
09/01/2020,14688,14542,,
8/31/2020,14627,14481,,
8/28/2020,14776,14628,,
8/27/2020,14788,14640,,
8/26/2020,14709,14563,,
8/25/2020,14705,14559,,
8/24/2020,14868,14720,,
8/19/2020,14860,14712,,
8/18/2020,14982,14832,,
8/14/2020,14992,14842,,
8/13/2020,14951,14803,,
08/12/2020,14851,14703,,
08/11/2020,14802,14654,,
08/10/2020,14824,14676,,
08/07/2020,14720,14574,,
08/06/2020,14660,14514,,
08/05/2020,14696,14550,,
08/04/2020,14770,14624,,
08/03/2020,14787,14639,,
7/30/2020,14726,14580,,
7/29/2020,14643,14497,,
7/28/2020,14616,14470,,
7/27/2020,14678,14532,,
7/24/2020,14687,14541,,
7/23/2020,14742,14596,,
7/22/2020,14728,14582,,
7/21/2020,14887,14739,,
7/20/2020,14906,14758,,
7/17/2020,14854,14706,,
7/16/2020,14705,14559,,
7/15/2020,14689,14543,,
7/14/2020,14585,14439,,
7/13/2020,14558,14414,,
07/10/2020,14574,14429,,
07/09/2020,14518,14374,,
07/08/2020,14532,14388,,
07/07/2020,14528,14384,,
07/06/2020,14620,14474,,
07/03/2020,14639,14493,,
07/02/2020,14589,14443,,
07/01/2020,14413,14269,,
6/30/2020,14374,14230,,
6/29/2020,14441,14297,,
6/26/2020,14310,14168,,
6/25/2020,14302,14160,,
6/24/2020,14231,14089,,
6/23/2020,14336,14194,,
6/22/2020,14280,14138,,
6/19/2020,14313,14171,,
6/18/2020,14257,14115,,
6/17/2020,14305,14163,,
6/16/2020,14226,14084,,
6/15/2020,14299,14157,,
06/12/2020,14328,14186,,
06/11/2020,14084,13944,,
06/10/2020,14153,14013,,
06/09/2020,14043,13903,,
06/08/2020,14026,13886,,
06/05/2020,14171,14030,,
06/04/2020,14236,14094,,
06/03/2020,14316,14174,,
06/02/2020,14575,14429,,
5/29/2020,14807,14659,,
5/28/2020,14843,14695,,
5/27/2020,14835,14687,,
5/26/2020,14848,14700,,
5/20/2020,14859,14711,,
5/19/2020,14897,14749,,
5/18/2020,14959,14811,,
5/15/2020,14984,14834,,
5/14/2020,15021,14871,,
5/13/2020,14961,14813,,
05/12/2020,15053,14903,,
05/11/2020,15011,14861,,
05/08/2020,15084,14934,,
05/06/2020,15203,15051,,
05/05/2020,15180,15028,,
05/04/2020,15148,14998,,
4/30/2020,15233,15081,,
4/29/2020,15492,15338,,
4/28/2020,15565,15411,,
4/27/2020,15669,15513,,
4/24/2020,15631,15475,,
4/23/2020,15708,15552,,
4/22/2020,15645,15489,,
4/21/2020,15721,15565,,
4/20/2020,15621,15465,,
4/17/2020,15581,15425,,
4/16/2020,15866,15708,,
4/15/2020,15786,15628,,
4/14/2020,15801,15643,,
4/13/2020,15919,15761,,
04/09/2020,16322,16160,,
04/08/2020,16326,16164,,
04/07/2020,16492,16328,,
04/06/2020,16639,16473,,
04/03/2020,16546,16382,,
04/02/2020,16825,16657,,
04/01/2020,16495,16331,,
3/31/2020,16449,16285,,
3/30/2020,16418,16254,,
3/27/2020,16311,16149,,
3/26/2020,16410,16246,,
3/24/2020,16568,16404,,
3/23/2020,16691,16525,,
3/20/2020,16354,16192,,
3/19/2020,15791,15633,,
3/18/2020,15299,15147,,
3/17/2020,15158,15008,,
3/16/2020,14892,14744,,
3/13/2020,14889,14741,,
03/12/2020,14562,14418,,
03/11/2020,14395,14251,,
03/10/2020,14483,14339,,
03/09/2020,14414,14270,,
03/06/2020,14338,14196,,
03/05/2020,14239,14097,,
03/04/2020,14242,14100,,
03/03/2020,14293,14151,,
03/02/2020,14485,14341,,
2/28/2020,14305,14163,,
2/27/2020,14088,13948,,
2/26/2020,14036,13896,,
2/25/2020,13962,13824,,
2/24/2020,13932,13794,,
2/21/2020,13846,13708,,
2/20/2020,13804,13666,,
2/19/2020,13786,13648,,
2/18/2020,13744,13608,,
2/17/2020,13761,13625,,
2/14/2020,13776,13638,,
2/13/2020,13747,13611,,
02/12/2020,13727,13591,,
02/11/2020,13754,13618,,
02/10/2020,13777,13639,,
02/07/2020,13715,13579,,
02/06/2020,13730,13594,,
02/05/2020,13786,13648,,
02/04/2020,13829,13691,,
02/03/2020,13795,13657,,
1/31/2020,13730,13594,,
1/30/2020,13720,13584,,
1/29/2020,13702,13566,,
1/28/2020,13715,13579,,
1/27/2020,13680,13544,,
1/24/2020,13700,13564,,
1/23/2020,13694,13558,,
1/22/2020,13746,13610,,
1/21/2020,13726,13590,,
1/20/2020,13722,13586,,
1/17/2020,13716,13580,,
1/16/2020,13726,13590,,
1/15/2020,13775,13637,,
1/14/2020,13722,13586,,
1/13/2020,13777,13639,,
01/10/2020,13881,13743,,
01/09/2020,13929,13791,,
01/08/2020,14004,13864,,
01/07/2020,13989,13849,,
01/06/2020,14031,13891,,
01/03/2020,13969,13830,,
01/02/2020,13964,13826,,
12/31/2019,13971,13832,,
12/30/2019,14015,13875,,
12/27/2019,14026,13886,,
12/26/2019,14052,13912,,
12/23/2019,14048,13908,,
12/20/2019,14063,13923,,
12/19/2019,14053,13913,,
12/18/2019,14077,13937,,
12/17/2019,14088,13948,,
12/16/2019,14074,13934,,
12/13/2019,14052,13912,,
12/12/2019,14112,13972,,
12/11/2019,14095,13955,,
12/10/2019,14074,13934,,
12/09/2019,14091,13951,,
12/06/2019,14107,13967,,
12/05/2019,14164,14024,,
12/04/2019,14196,14054,,
12/03/2019,14201,14059,,
12/02/2019,14193,14051,,
11/29/2019,14173,14031,,
11/28/2019,14170,14029,,
11/27/2019,14166,14026,,
11/26/2019,14151,14011,,
11/25/2019,14161,14021,,
11/22/2019,14171,14030,,
11/21/2019,14183,14041,,
11/20/2019,14167,14027,,
11/19/2019,14161,14021,,
11/18/2019,14145,14005,,
11/15/2019,14139,13999,,
11/14/2019,14168,14028,,
11/13/2019,14152,14012,,
11/12/2019,14129,13989,,
11/11/2019,14110,13970,,
11/08/2019,14090,13950,,
11/07/2019,14110,13970,,
11/06/2019,14062,13922,,
11/05/2019,14101,13961,,
11/04/2019,14072,13932,,
11/01/2019,14136,13996,,
10/31/2019,14078,13938,,
10/30/2019,14114,13974,,
10/29/2019,14098,13958,,
10/28/2019,14093,13953,,
10/25/2019,14134,13994,,
10/24/2019,14066,13926,,
10/23/2019,14121,13981,,
10/22/2019,14128,13988,,
10/21/2019,14203,14061,,
10/18/2019,14211,14069,,
10/17/2019,14243,14101,,
10/16/2019,14258,14116,,
10/15/2019,14211,14069,,
10/14/2019,14197,14055,,
10/11/2019,14210,14068,,
10/10/2019,14228,14086,,
10/09/2019,14253,14111,,
10/08/2019,14241,14099,,
10/07/2019,14227,14085,,
10/04/2019,14206,14064,,
10/03/2019,14264,14122,,
10/02/2019,14278,14136,,
10/01/2019,14267,14125,,
9/30/2019,14245,14103,,
9/27/2019,14268,14126,,
9/26/2019,14233,14091,,
9/25/2019,14205,14063,,
9/24/2019,14169,14029,,
9/23/2019,14147,14007,,
9/20/2019,14155,14015,,
9/19/2019,14169,14029,,
9/18/2019,14150,14010,,
9/17/2019,14171,14029,,
9/16/2019,14090,13950,,
9/13/2019,14020,13880,,
09/12/2019,14122,13982,,
09/11/2019,14133,13993,,
09/10/2019,14101,13961,,
09/09/2019,14162,14022,,
09/06/2019,14211,14069,,
09/05/2019,14224,14082,,
09/04/2019,14289,14147,,
09/03/2019,14288,14146,,
09/02/2019,14261,14119,,
8/30/2019,14308,14166,,
8/29/2019,14325,14183,,
8/28/2019,14334,14192,,
8/27/2019,14306,14164,,
8/26/2019,14332,14190,,
8/23/2019,14320,14178,,
8/22/2019,14305,14163,,
8/21/2019,14330,14188,,
8/20/2019,14333,14191,,
8/19/2019,14274,14132,,
8/16/2019,14329,14187,,
8/15/2019,14367,14225,,
8/14/2019,14305,14163,,
8/13/2019,14354,14212,,
08/12/2019,14291,14149,,
08/09/2019,14266,14124,,
08/08/2019,14302,14160,,
08/07/2019,14346,14204,,
08/06/2019,14416,14272,,
08/05/2019,14302,14160,,
08/02/2019,14274,14132,,
08/01/2019,14168,14028,,
7/31/2019,14096,13956,,
7/30/2019,14104,13964,,
7/29/2019,14080,13940,,
7/26/2019,14071,13931,,
7/25/2019,14056,13916,,
7/24/2019,14081,13941,,
7/23/2019,14043,13903,,
7/22/2019,14033,13893,,
7/19/2019,13983,13843,,
7/18/2019,14046,13906,,
7/17/2019,14019,13879,,
7/16/2019,13995,13855,,
7/15/2019,14040,13900,,
07/12/2019,14155,14015,,
07/11/2019,14159,14019,,
07/10/2019,14223,14081,,
07/09/2019,14200,14058,,
07/08/2019,14218,14076,,
07/05/2019,14219,14077,,
07/04/2019,14177,14035,,
07/03/2019,14231,14089,,
07/02/2019,14211,14069,,
07/01/2019,14188,14046,,
6/28/2019,14212,14070,,
6/27/2019,14251,14109,,
6/26/2019,14245,14103,,
6/25/2019,14209,14067,,
6/24/2019,14236,14094,,
6/21/2019,14187,14045,,
6/20/2019,14307,14165,,
6/19/2019,14342,14200,,
6/18/2019,14406,14262,,
6/17/2019,14418,14274,,
6/14/2019,14376,14232,,
6/13/2019,14341,14199,,
06/12/2019,14305,14163,,
06/11/2019,14329,14187,,
06/10/2019,14302,14160,,
5/31/2019,14457,14313,,
5/29/2019,14489,14345,,
5/28/2019,14452,14308,,
5/27/2019,14432,14288,,
5/24/2019,14523,14379,,
5/23/2019,14586,14440,,
5/22/2019,14560,14416,,
5/21/2019,14534,14390,,
5/20/2019,14550,14406,,
5/17/2019,14541,14397,,
5/16/2019,14530,14386,,
5/15/2019,14520,14376,,
5/14/2019,14516,14372,,
5/13/2019,14434,14290,,
05/10/2019,14419,14275,,
05/09/2019,14410,14266,,
05/08/2019,14377,14233,,
05/07/2019,14381,14237,,
05/06/2019,14380,14236,,
05/03/2019,14353,14211,,
05/02/2019,14316,14174,,
4/30/2019,14286,14144,,
4/29/2019,14259,14117,,
4/26/2019,14259,14117,,
4/25/2019,14225,14083,,
4/24/2019,14183,14041,,
4/23/2019,14150,14010,,
4/22/2019,14126,13986,,
4/18/2019,14086,13946,,
4/16/2019,14136,13996,,
4/15/2019,14137,13997,,
04/12/2019,14224,14082,,
04/11/2019,14227,14085,,
04/10/2019,14226,14084,,
04/09/2019,14221,14079,,
04/08/2019,14216,14074,,
04/05/2019,14229,14087,,
04/04/2019,14253,14111,,
04/02/2019,14308,14166,,
04/01/2019,14302,14160,,
3/29/2019,14315,14173,,
3/28/2019,14326,14184,,
3/27/2019,14273,14131,,
3/26/2019,14242,14100,,
3/25/2019,14294,14152,,
3/22/2019,14228,14086,,
3/21/2019,14173,14031,,
3/20/2019,14302,14160,,
3/19/2019,14299,14157,,
3/18/2019,14313,14171,,
3/15/2019,14382,14238,,
3/14/2019,14324,14182,,
3/13/2019,14340,14198,,
03/12/2019,14322,14180,,
03/11/2019,14396,14252,,
03/08/2019,14294,14152,,
03/06/2019,14200,14058,,
03/05/2019,14217,14075,,
03/04/2019,14220,14078,,
03/01/2019,14182,14040,,
2/28/2019,14132,13992,,
2/27/2019,14074,13934,,
2/26/2019,14060,13920,,
2/25/2019,14077,13937,,
2/22/2019,14149,14009,,
2/21/2019,14127,13987,,
2/20/2019,14125,13985,,
2/19/2019,14190,14048,,
2/18/2019,14177,14035,,
2/15/2019,14187,14045,,
2/14/2019,14163,14023,,
2/13/2019,14097,13957,,
02/12/2019,14158,14018,,
02/11/2019,14065,13925,,
02/08/2019,14062,13922,,
02/07/2019,14048,13908,,
02/06/2019,14017,13877,,
02/04/2019,14046,13906,,
02/01/2019,14048,13908,,
1/31/2019,14142,14002,,
1/30/2019,14183,14041,,
1/29/2019,14168,14028,,
1/28/2019,14108,13968,,
1/25/2019,14234,14092,,
1/24/2019,14212,14070,,
1/23/2019,14259,14117,,
1/22/2019,14292,14150,,
1/21/2019,14283,14141,,
1/18/2019,14253,14111,,
1/17/2019,14229,14087,,
1/16/2019,14225,14083,,
1/15/2019,14154,14014,,
1/14/2019,14122,13982,,
01/11/2019,14146,14006,,
01/10/2019,14163,14023,,
01/09/2019,14191,14049,,
01/08/2019,14101,13961,,
01/07/2019,14176,14034,,
01/04/2019,14422,14278,,
01/03/2019,14546,14402,,
01/02/2019,14537,14393,,
12/31/2018,14553,14409,,
12/28/2018,14615,14469,,
12/27/2018,14636,14490,,
12/26/2018,14675,14529,,
12/21/2018,14552,14408,,
12/20/2018,14571,14427,,
12/19/2018,14452,14308,,
12/18/2018,14596,14450,,
12/17/2018,14690,14544,,
12/14/2018,14611,14465,,
12/13/2018,14609,14463,,
12/12/2018,14650,14504,,
12/11/2018,14686,14540,,
12/10/2018,14590,14444,,
12/07/2018,14612,14466,,
12/06/2018,14580,14434,,
12/05/2018,14455,14311,,
12/04/2018,14364,14222,,
12/03/2018,14323,14181,,
11/30/2018,14411,14267,,
11/29/2018,14480,14336,,
11/28/2018,14608,14462,,
11/27/2018,14577,14431,,
11/26/2018,14624,14478,,
11/23/2018,14625,14479,,
11/22/2018,14665,14519,,
11/21/2018,14691,14545,,
11/19/2018,14659,14513,,
11/16/2018,14667,14521,,
11/15/2018,14838,14690,,
11/14/2018,14829,14681,,
11/13/2018,14969,14821,,
11/12/2018,14821,14673,,
11/09/2018,14705,14559,,
11/08/2018,14724,14578,,
11/07/2018,14838,14690,,
11/06/2018,14965,14817,,
11/05/2018,15047,14897,,
11/02/2018,15164,15014,,
11/01/2018,15271,15119,,
10/31/2018,15303,15151,,
10/30/2018,15313,15161,,
10/29/2018,15294,15142,,
10/26/2018,15283,15131,,
10/25/2018,15286,15134,,
10/24/2018,15269,15117,,
10/23/2018,15284,15132,,
10/22/2018,15268,15116,,
10/19/2018,15297,15145,,
10/18/2018,15263,15111,,
10/17/2018,15254,15102,,
10/16/2018,15282,15130,,
10/15/2018,15322,15170,,
10/12/2018,15270,15118,,
10/11/2018,15329,15177,,
10/10/2018,15291,15139,,
10/09/2018,15309,15157,,
10/08/2018,15269,15117,,
10/05/2018,15258,15106,,
10/04/2018,15209,15057,,
10/03/2018,15163,15013,,
10/02/2018,15063,14913,,
10/01/2018,14980,14830,,
9/28/2018,15004,14854,,
9/27/2018,14994,14844,,
9/26/2018,15013,14863,,
9/25/2018,14967,14819,,
9/24/2018,14939,14791,,
9/21/2018,14898,14750,,
9/20/2018,14913,14765,,
9/19/2018,14970,14822,,
9/18/2018,14983,14833,,
9/17/2018,14933,14785,,
9/14/2018,14909,14761,,
9/13/2018,14868,14720,,
09/12/2018,14937,14789,,
09/10/2018,14909,14761,,
09/07/2018,14958,14810,,
09/06/2018,14965,14817,,
09/05/2018,15002,14852,,
09/04/2018,14914,14766,,
09/03/2018,14841,14693,,
8/31/2018,14785,14637,,
8/30/2018,14728,14582,,
8/29/2018,14716,14570,,
8/28/2018,14687,14541,,
8/27/2018,14683,14537,,
8/24/2018,14728,14582,,
8/23/2018,14693,14547,,
8/21/2018,14641,14495,,
8/20/2018,14651,14505,,
8/16/2018,14692,14546,,
8/15/2018,14694,14548,,
8/14/2018,14698,14552,,
8/13/2018,14656,14510,,
08/10/2018,14509,14365,,
08/09/2018,14494,14350,,
08/08/2018,14511,14367,,
08/07/2018,14557,14413,,
08/06/2018,14553,14409,,
08/03/2018,14576,14430,,
08/02/2018,14518,14374,,
08/01/2018,14514,14370,,
7/31/2018,14485,14341,,
7/30/2018,14481,14337,,
7/27/2018,14555,14411,,
7/26/2018,14515,14371,,
7/25/2018,14588,14442,,
7/24/2018,14614,14468,,
7/23/2018,14526,14382,,
7/20/2018,14593,14447,,
7/19/2018,14490,14346,,
7/18/2018,14478,14334,,
7/17/2018,14463,14319,,
7/16/2018,14468,14324,,
7/13/2018,14430,14286,,
07/12/2018,14507,14363,,
07/11/2018,14463,14319,,
07/10/2018,14398,14254,,
07/09/2018,14404,14260,,
07/06/2018,14481,14337,,
07/05/2018,14459,14315,,
07/04/2018,14415,14271,,
07/03/2018,14490,14346,,
07/02/2018,14403,14259,,
6/29/2018,14476,14332,,
6/28/2018,14342,14200,,
6/27/2018,14234,14092,,
6/26/2018,14234,14092,,
6/25/2018,14176,14034,,
6/22/2018,14173,14031,,
6/21/2018,14160,14020,,
6/20/2018,13972,13832,,
6/19/2018,13972,13832,,
06/08/2018,13972,13832,,
06/07/2018,13937,13799,,
06/06/2018,13944,13806,,
06/05/2018,13956,13818,,
06/04/2018,13941,13803,,
5/31/2018,14021,13881,,
5/30/2018,14102,13962,,
5/28/2018,14135,13995,,
5/25/2018,14237,14095,,
5/24/2018,14276,14134,,
5/23/2018,14263,14121,,
5/22/2018,14249,14107,,
5/21/2018,14247,14105,,
5/18/2018,14178,14036,,
5/17/2018,14144,14004,,
5/16/2018,14164,14024,,
5/15/2018,14090,13950,,
5/14/2018,14046,13906,,
05/11/2018,14118,13978,,
05/09/2018,14144,14004,,
05/08/2018,14106,13966,,
05/07/2018,14026,13886,,
05/04/2018,14013,13873,,
05/03/2018,14035,13895,,
05/02/2018,14006,13866,,
4/30/2018,13946,13808,,
4/27/2018,13948,13810,,
4/26/2018,14000,13860,,
4/25/2018,13957,13819,,
4/24/2018,13970,13830,,
4/23/2018,13963,13825,,
4/20/2018,13873,13735,,
4/19/2018,13847,13709,,
4/18/2018,13839,13701,,
4/17/2018,13839,13701,,
4/16/2018,13835,13697,,
4/13/2018,13822,13684,,
04/12/2018,13832,13694,,
04/11/2018,13816,13678,,
04/10/2018,13828,13690,,
04/09/2018,13840,13702,,
04/06/2018,13840,13702,,
04/05/2018,13836,13698,,
04/04/2018,13829,13691,,
04/03/2018,13834,13696,,
04/02/2018,13819,13681,,
3/29/2018,13825,13687,,
3/28/2018,13814,13676,,
3/27/2018,13777,13639,,
3/26/2018,13845,13707,,
3/23/2018,13849,13711,,
3/22/2018,13806,13668,,
3/21/2018,13828,13690,,
3/20/2018,13830,13692,,
3/19/2018,13834,13696,,
3/16/2018,13834,13696,,
3/15/2018,13817,13679,,
3/14/2018,13808,13670,,
3/13/2018,13826,13688,,
03/12/2018,13837,13699,,
03/09/2018,13863,13725,,
03/08/2018,13843,13705,,
03/07/2018,13832,13694,,
03/06/2018,13819,13681,,
03/05/2018,13809,13671,,
03/02/2018,13815,13677,,
03/01/2018,13862,13724,,
2/28/2018,13776,13638,,
2/27/2018,13718,13582,,
2/26/2018,13727,13591,,
2/23/2018,13738,13602,,
2/22/2018,13733,13597,,
2/21/2018,13650,13514,,
2/20/2018,13641,13505,,
2/19/2018,13609,13473,,
2/15/2018,13638,13502,,
2/14/2018,13725,13589,,
2/13/2018,13712,13576,,
02/12/2018,13677,13541,,
02/09/2018,13711,13575,,
02/08/2018,13670,13534,,
02/07/2018,13601,13465,,
02/06/2018,13646,13510,,
02/05/2018,13565,13431,,
02/02/2018,13495,13361,,
02/01/2018,13469,13335,,
1/31/2018,13480,13346,,
1/30/2018,13465,13331,,
1/29/2018,13394,13260,,
1/26/2018,13370,13236,,
1/25/2018,13356,13224,,
1/24/2018,13388,13254,,
1/23/2018,13385,13251,,
1/22/2018,13401,13267,,
1/19/2018,13398,13264,,
1/18/2018,13432,13298,,
1/17/2018,13390,13256,,
1/16/2018,13400,13266,,
1/15/2018,13397,13263,,
01/12/2018,13429,13295,,
01/11/2018,13494,13360,,
01/10/2018,13516,13382,,
01/09/2018,13495,13361,,
01/08/2018,13464,13330,,
01/05/2018,13472,13338,,
01/04/2018,13541,13407,,
01/03/2018,13565,13431,,
01/02/2018,13610,13474,,
12/30/2017,13616,13480,,
12/29/2017,13616,13480,,
12/28/2017,13628,13492,,
12/27/2017,13630,13494,,
12/22/2017,13626,13490,,
12/21/2017,13613,13477,,
12/20/2017,13647,13511,,
12/19/2017,13655,13519,,
12/18/2017,13652,13516,,
12/15/2017,13641,13505,,
12/14/2017,13633,13497,,
12/13/2017,13657,13521,,
12/12/2017,13618,13482,,
12/11/2017,13614,13478,,
12/08/2017,13624,13488,,
12/07/2017,13620,13484,,
12/06/2017,13592,13456,,
12/05/2017,13583,13447,,
12/04/2017,13595,13459,,
11/30/2017,13582,13446,,
11/29/2017,13583,13447,,
11/28/2017,13595,13459,,
11/27/2017,13579,13443,,
11/24/2017,13574,13438,,
11/23/2017,13571,13435,,
11/22/2017,13591,13455,,
11/21/2017,13612,13476,,
11/20/2017,13597,13461,,
11/17/2017,13585,13449,,
11/16/2017,13606,13470,,
11/15/2017,13607,13471,,
11/14/2017,13610,13474,,
11/13/2017,13623,13487,,
11/10/2017,13582,13446,,
11/09/2017,13582,13446,,
11/08/2017,13592,13456,,
11/07/2017,13572,13436,,
11/06/2017,13597,13461,,
11/03/2017,13568,13432,,
11/02/2017,13630,13494,,
11/01/2017,13660,13524,,
10/31/2017,13640,13504,,
10/30/2017,13648,13512,,
10/27/2017,13698,13562,,
10/26/2017,13628,13492,,
10/25/2017,13638,13502,,
10/24/2017,13597,13461,,
10/23/2017,13603,13467,,
10/20/2017,13585,13449,,
10/19/2017,13589,13453,,
10/18/2017,13582,13446,,
10/17/2017,13557,13423,,
10/16/2017,13550,13416,,
10/13/2017,13576,13440,,
10/12/2017,13589,13453,,
10/11/2017,13577,13441,,
10/10/2017,13558,13424,,
10/09/2017,13572,13436,,
10/06/2017,13552,13418,,
10/05/2017,13550,13416,,
10/04/2017,13556,13422,,
10/03/2017,13650,13514,,
10/02/2017,13566,13432,,
9/29/2017,13559,13425,,
9/28/2017,13531,13397,,
9/27/2017,13451,13317,,
9/26/2017,13415,13281,,
9/25/2017,13372,13238,,
9/22/2017,13392,13258,,
9/20/2017,13336,13204,,
9/19/2017,13324,13192,,
9/18/2017,13304,13172,,
9/15/2017,13327,13195,,
9/14/2017,13305,13173,,
9/13/2017,13275,13143,,
09/12/2017,13252,13120,,
09/11/2017,13220,13088,,
09/08/2017,13350,13218,,
09/07/2017,13398,13264,,
09/06/2017,13404,13270,,
09/05/2017,13403,13269,,
09/04/2017,13412,13278,,
8/31/2017,13418,13284,,
8/30/2017,13410,13276,,
8/29/2017,13415,13281,,
8/28/2017,13405,13271,,
8/25/2017,13415,13281,,
8/24/2017,13421,13287,,
8/23/2017,13409,13275,,
8/22/2017,13405,13271,,
8/21/2017,13422,13288,,
8/18/2017,13435,13301,,
8/16/2017,13441,13307,,
8/15/2017,13411,13277,,
8/14/2017,13411,13277,,
08/11/2017,13437,13303,,
08/10/2017,13405,13271,,
08/09/2017,13391,13257,,
08/08/2017,13386,13252,,
08/07/2017,13386,13252,,
08/04/2017,13391,13257,,
08/03/2017,13397,13263,,
08/02/2017,13398,13264,,
08/01/2017,13385,13251,,
7/31/2017,13390,13256,,
7/28/2017,13393,13259,,
7/27/2017,13382,13248,,
7/26/2017,13401,13267,,
7/25/2017,13387,13253,,
7/24/2017,13386,13252,,
7/21/2017,13390,13256,,
7/20/2017,13387,13253,,
7/19/2017,13371,13237,,
7/18/2017,13381,13247,,
7/17/2017,13380,13246,,
7/14/2017,13414,13280,,
7/13/2017,13409,13275,,
07/12/2017,13435,13301,,
07/11/2017,13454,13320,,
07/10/2017,13475,13341,,
07/07/2017,13464,13330,,
07/06/2017,13431,13297,,
07/05/2017,13416,13282,,
07/04/2017,13453,13319,,
07/03/2017,13392,13258,,
6/30/2017,13386,13252,,
6/22/2017,13386,13252,,
6/21/2017,13368,13234,,
6/20/2017,13363,13231,,
6/19/2017,13352,13220,,
6/16/2017,13364,13232,,
6/15/2017,13348,13216,,
6/14/2017,13352,13220,,
6/13/2017,13360,13228,,
06/12/2017,13358,13226,,
06/09/2017,13358,13226,,
06/08/2017,13383,13249,,
06/07/2017,13374,13240,,
06/06/2017,13351,13219,,
06/05/2017,13353,13221,,
06/02/2017,13378,13244,,
5/31/2017,13388,13254,,
5/30/2017,13403,13269,,
5/29/2017,13379,13245,,
5/26/2017,13361,13229,,
5/24/2017,13383,13249,,
5/23/2017,13362,13230,,
5/22/2017,13363,13231,,
5/19/2017,13477,13343,,
5/18/2017,13410,13276,,
5/17/2017,13373,13239,,
5/16/2017,13364,13232,,
5/15/2017,13386,13252,,
05/12/2017,13407,13273,,
05/10/2017,13422,13288,,
05/09/2017,13384,13250,,
05/08/2017,13391,13257,,
05/05/2017,13406,13272,,
05/04/2017,13397,13263,,
05/03/2017,13363,13231,,
05/02/2017,13383,13249,,
4/28/2017,13394,13260,,
4/27/2017,13365,13233,,
4/26/2017,13344,13212,,
4/25/2017,13362,13230,,
4/21/2017,13387,13253,,
4/20/2017,13395,13261,,
4/19/2017,13365,13233,,
4/18/2017,13365,13233,,
4/17/2017,13321,13189,,
4/13/2017,13330,13198,,
04/12/2017,13364,13232,,
04/11/2017,13348,13216,,
04/10/2017,13390,13256,,
04/07/2017,13408,13274,,
04/06/2017,13394,13260,,
04/05/2017,13396,13262,,
04/04/2017,13393,13259,,
04/03/2017,13391,13257,,
3/31/2017,13388,13254,,
3/30/2017,13383,13249,,
3/29/2017,13390,13256,,
3/27/2017,13381,13247,,
3/24/2017,13396,13262,,
3/23/2017,13399,13265,,
3/22/2017,13402,13268,,
3/21/2017,13375,13241,,
3/20/2017,13396,13262,,
3/17/2017,13409,13275,,
3/16/2017,13403,13269,,
3/15/2017,13442,13308,,
3/14/2017,13427,13293,,
3/13/2017,13431,13297,,
03/10/2017,13460,13326,,
03/09/2017,13440,13306,,
03/08/2017,13407,13273,,
03/07/2017,13417,13283,,
03/06/2017,13431,13297,,
03/03/2017,13442,13308,,
03/02/2017,13428,13294,,
03/01/2017,13428,13294,,
2/28/2017,13414,13280,,
2/27/2017,13406,13272,,
2/24/2017,13403,13269,,
2/23/2017,13427,13293,,
2/22/2017,13423,13289,,
2/21/2017,13437,13303,,
2/20/2017,13419,13285,,
2/17/2017,13395,13261,,
2/16/2017,13396,13262,,
2/14/2017,13397,13263,,
2/13/2017,13397,13263,,
02/10/2017,13385,13251,,
02/09/2017,13375,13241,,
02/08/2017,13404,13270,,
02/07/2017,13389,13255,,
02/06/2017,13396,13262,,
02/03/2017,13429,13295,,
02/02/2017,13441,13307,,
02/01/2017,13416,13282,,
1/31/2017,13410,13276,,
1/30/2017,13402,13268,,
1/27/2017,13426,13292,,
1/26/2017,13392,13258,,
1/25/2017,13407,13273,,
1/24/2017,13397,13263,,
1/23/2017,13439,13305,,
1/20/2017,13449,13315,,
1/19/2017,13443,13309,,
1/18/2017,13395,13261,,
1/17/2017,13448,13314,,
1/16/2017,13421,13287,,
1/13/2017,13375,13241,,
01/12/2017,13354,13222,,
01/11/2017,13394,13260,,
01/10/2017,13387,13253,,
01/09/2017,13452,13318,,
01/06/2017,13414,13280,,
01/05/2017,13437,13303,,
01/04/2017,13545,13411,,
01/03/2017,13552,13418,,
12/31/2016,13503,13369,,
12/30/2016,13503,13369,,
12/29/2016,13540,13406,,
12/28/2016,13514,13380,,
12/27/2016,13503,13369,,
12/23/2016,13537,13403,,
12/22/2016,13502,13368,,
12/21/2016,13540,13406,,
12/20/2016,13460,13326,,
12/19/2016,13448,13314,,
12/16/2016,13493,13359,,
12/15/2016,13434,13300,,
12/14/2016,13351,13219,,
12/13/2016,13376,13242,,
12/09/2016,13404,13270,,
12/08/2016,13371,13237,,
12/07/2016,13403,13269,,
12/06/2016,13472,13338,,
12/05/2016,13584,13448,,
12/02/2016,13592,13456,,
12/01/2016,13650,13514,,
11/30/2016,13631,13495,,
11/29/2016,13617,13481,,
11/28/2016,13534,13400,,
11/25/2016,13638,13502,,
11/24/2016,13608,13472,,
11/23/2016,13540,13406,,
11/22/2016,13491,13357,,
11/21/2016,13505,13371,,
11/18/2016,13475,13341,,
11/17/2016,13452,13318,,
11/16/2016,13414,13280,,
11/15/2016,13405,13271,,
11/14/2016,13425,13291,,
11/11/2016,13417,13283,,
11/10/2016,13184,13052,,
11/09/2016,13149,13019,,
11/08/2016,13155,13025,,
11/07/2016,13147,13017,,
11/04/2016,13169,13037,,
11/03/2016,13115,12985,,
11/02/2016,13123,12993,,
11/01/2016,13101,12971,,
10/31/2016,13116,12986,,
10/28/2016,13113,12983,,
10/27/2016,13092,12962,,
10/26/2016,13062,12932,,
10/25/2016,13087,12957,,
10/24/2016,13112,12982,,
10/21/2016,13085,12955,,
10/20/2016,13064,12934,,
10/19/2016,13072,12942,,
10/18/2016,13109,12979,,
10/17/2016,13119,12989,,
10/14/2016,13112,12982,,
10/13/2016,13093,12963,,
10/12/2016,13088,12958,,
10/11/2016,13057,12927,,
10/10/2016,13034,12904,,
10/07/2016,13067,12937,,
10/06/2016,13057,12927,,
10/05/2016,13060,12930,,
10/04/2016,13053,12923,,
10/03/2016,13075,12945,,
9/30/2016,13063,12933,,
9/29/2016,13017,12887,,
9/28/2016,12991,12861,,
9/27/2016,13092,12962,,
9/26/2016,13141,13011,,
9/23/2016,13163,13033,,
9/22/2016,13163,13033,,
9/21/2016,13214,13082,,
9/20/2016,13208,13076,,
9/19/2016,13230,13098,,
9/16/2016,13197,13065,,
9/15/2016,13256,13124,,
9/14/2016,13294,13162,,
9/13/2016,13217,13085,,
09/09/2016,13154,13024,,
09/08/2016,13155,13025,,
09/07/2016,13151,13021,,
09/06/2016,13228,13096,,
09/05/2016,13263,13131,,
09/02/2016,13327,13195,,
09/01/2016,13335,13203,,
8/31/2016,13367,13233,,
8/30/2016,13326,13194,,
8/29/2016,13341,13209,,
8/26/2016,13308,13176,,
8/25/2016,13333,13201,,
8/24/2016,13318,13186,,
8/23/2016,13282,13150,,
8/22/2016,13263,13131,,
8/19/2016,13185,13053,,
8/18/2016,13180,13048,,
8/16/2016,13163,13033,,
8/15/2016,13187,13055,,
08/12/2016,13186,13054,,
08/11/2016,13179,13047,,
08/10/2016,13189,13057,,
08/09/2016,13199,13067,,
08/08/2016,13210,13078,,
08/05/2016,13191,13059,,
08/04/2016,13204,13072,,
08/03/2016,13180,13048,,
08/02/2016,13144,13014,,
08/01/2016,13145,13015,,
7/29/2016,13159,13029,,
7/28/2016,13179,13047,,
7/27/2016,13196,13064,,
7/26/2016,13216,13084,,
7/25/2016,13201,13069,,
7/22/2016,13168,13036,,
7/21/2016,13188,13056,,
7/20/2016,13166,13034,,
7/19/2016,13151,13021,,
7/18/2016,13178,13046,,
7/15/2016,13151,13021,,
7/14/2016,13153,13023,,
7/13/2016,13160,13030,,
07/12/2016,13217,13085,,
07/11/2016,13178,13046,,
07/04/2016,13238,13106,,
07/01/2016,13238,13106,,
6/30/2016,13246,13114,,
6/29/2016,13232,13100,,
6/28/2016,13322,13190,,
6/27/2016,13562,13428,,
6/24/2016,13362,13230,,
6/23/2016,13331,13199,,
6/22/2016,13364,13232,,
6/21/2016,13352,13220,,
6/20/2016,13326,13194,,
6/17/2016,13425,13291,,
6/16/2016,13394,13260,,
6/15/2016,13465,13331,,
6/14/2016,13339,13207,,
6/13/2016,13408,13274,,
06/10/2016,13376,13242,,
06/09/2016,13297,13165,,
06/08/2016,13307,13175,,
06/07/2016,13442,13308,,
06/06/2016,13545,13411,,
06/03/2016,13680,13544,,
06/02/2016,13763,13627,,
06/01/2016,13739,13603,,
5/31/2016,13683,13547,,
5/30/2016,13709,13573,,
5/27/2016,13643,13507,,
5/26/2016,13683,13547,,
5/25/2016,13739,13603,,
5/24/2016,13674,13538,,
5/23/2016,13675,13539,,
5/20/2016,13641,13505,,
5/19/2016,13534,13400,,
5/18/2016,13386,13252,,
5/17/2016,13344,13212,,
5/16/2016,13395,13261,,
5/13/2016,13378,13244,,
05/12/2016,13365,13233,,
05/11/2016,13337,13205,,
05/10/2016,13400,13266,,
05/09/2016,13350,13218,,
05/04/2016,13312,13180,,
05/03/2016,13228,13096,,
05/02/2016,13258,13126,,
4/29/2016,13270,13138,,
4/28/2016,13270,13138,,
4/27/2016,13239,13107,,
4/26/2016,13281,13149,,
4/25/2016,13301,13169,,
4/22/2016,13235,13103,,
4/21/2016,13248,13116,,
4/20/2016,13199,13067,,
4/19/2016,13216,13084,,
4/18/2016,13270,13138,,
4/15/2016,13232,13100,,
4/14/2016,13304,13172,,
4/13/2016,13161,13031,,
04/12/2016,13189,13057,,
04/11/2016,13200,13068,,
04/08/2016,13235,13103,,
04/07/2016,13263,13131,,
04/06/2016,13289,13157,,
04/05/2016,13283,13151,,
04/04/2016,13211,13079,,
04/01/2016,13266,13134,,
3/31/2016,13342,13210,,
3/30/2016,13426,13292,,
3/29/2016,13430,13296,,
3/28/2016,13390,13256,,
3/24/2016,13316,13184,,
3/23/2016,13233,13101,,
3/22/2016,13241,13109,,
3/21/2016,13226,13094,,
3/18/2016,13113,12983,,
3/17/2016,13232,13100,,
3/16/2016,13235,13103,,
3/15/2016,13152,13022,,
3/14/2016,13085,12955,,
03/11/2016,13152,13022,,
03/10/2016,13215,13083,,
03/08/2016,13194,13062,,
03/07/2016,13094,12964,,
03/04/2016,13225,13093,,
03/03/2016,13326,13194,,
03/02/2016,13381,13247,,
03/01/2016,13434,13300,,
2/29/2016,13462,13328,,
2/26/2016,13467,13333,,
2/25/2016,13483,13349,,
2/24/2016,13513,13379,,
2/23/2016,13464,13330,,
2/22/2016,13527,13393,,
2/19/2016,13617,13481,,
2/18/2016,13546,13412,,
2/17/2016,13572,13436,,
2/16/2016,13400,13266,,
2/15/2016,13543,13409,,
02/12/2016,13538,13404,,
02/11/2016,13436,13302,,
02/10/2016,13606,13470,,
02/09/2016,13757,13621,,
02/05/2016,13721,13585,,
02/04/2016,13730,13594,,
02/03/2016,13826,13688,,
02/02/2016,13689,13553,,
02/01/2016,13767,13631,,
1/29/2016,13915,13777,,
1/28/2016,13958,13820,,
1/27/2016,13940,13802,,
1/26/2016,13974,13834,,
1/25/2016,13913,13775,,
1/22/2016,13943,13805,,
1/21/2016,13968,13830,,
1/20/2016,13965,13827,,
1/19/2016,13991,13851,,
1/18/2016,14001,13861,,
1/15/2016,13955,13817,,
1/14/2016,13946,13808,,
1/13/2016,13930,13792,,
01/12/2016,13904,13766,,
01/11/2016,14005,13865,,
01/08/2016,13943,13805,,
01/07/2016,14016,13876,,
01/06/2016,13932,13794,,
01/05/2016,14001,13861,,
01/04/2016,13967,13829,,
12/31/2015,13864,13726,,
12/30/2015,13863,13725,,
12/29/2015,13726,13590,,
12/28/2015,13707,13571,,
12/23/2015,13712,13576,,
12/22/2015,13683,13547,,
12/21/2015,13941,13803,,
12/18/2015,14102,13962,,
12/17/2015,14098,13958,,
12/16/2015,14120,13980,,
12/15/2015,14135,13995,,
12/14/2015,14146,14006,,
12/11/2015,14007,13867,,
12/10/2015,14024,13884,,
12/08/2015,13922,13784,,
12/07/2015,13906,13768,,
12/04/2015,13902,13764,,
12/03/2015,13914,13776,,
12/02/2015,13826,13688,,
12/01/2015,13877,13739,,
11/30/2015,13909,13771,,
11/27/2015,13816,13678,,
11/26/2015,13802,13664,,
11/25/2015,13741,13605,,
11/24/2015,13792,13654,,
11/23/2015,13764,13628,,
11/20/2015,13808,13670,,
11/19/2015,13856,13718,,
11/18/2015,13832,13694,,
11/17/2015,13780,13642,,
11/16/2015,13801,13663,,
11/13/2015,13701,13565,,
11/12/2015,13643,13507,,
11/11/2015,13644,13508,,
11/10/2015,13687,13551,,
11/09/2015,13755,13619,,
11/06/2015,13618,13482,,
11/05/2015,13671,13535,,
11/04/2015,13528,13394,,
11/03/2015,13662,13526,,
11/02/2015,13750,13614,,
10/30/2015,13707,13571,,
10/29/2015,13630,13494,,
10/28/2015,13698,13562,,
10/27/2015,13694,13558,,
10/26/2015,13711,13575,,
10/23/2015,13558,13424,,
10/22/2015,13708,13572,,
10/21/2015,13764,13628,,
10/20/2015,13702,13566,,
10/19/2015,13631,13495,,
10/16/2015,13602,13466,,
10/15/2015,13354,13222,,
10/13/2015,13625,13489,,
10/12/2015,13533,13399,,
10/09/2015,13589,13453,,
10/08/2015,13878,13740,,
10/07/2015,14135,13995,,
10/06/2015,14454,14310,,
10/05/2015,14677,14531,,
10/02/2015,14783,14635,,
10/01/2015,14727,14581,,
9/30/2015,14730,14584,,
9/29/2015,14802,14654,,
9/28/2015,14769,14623,,
9/25/2015,14763,14617,,
9/23/2015,14696,14550,,
9/22/2015,14558,14414,,
9/21/2015,14523,14379,,
9/18/2015,14535,14391,,
9/17/2015,14524,14380,,
9/16/2015,14514,14370,,
9/15/2015,14443,14299,,
9/14/2015,14394,14250,,
09/11/2015,14378,14234,,
09/10/2015,14394,14250,,
09/09/2015,14315,14173,,
09/08/2015,14356,14214,,
09/07/2015,14305,14163,,
09/04/2015,14249,14107,,
09/03/2015,14231,14089,,
09/02/2015,14198,14056,,
09/01/2015,14151,14011,,
8/31/2015,14097,13957,,
8/28/2015,14081,13941,,
8/27/2015,14199,14057,,
8/26/2015,14173,14031,,
8/25/2015,14137,13997,,
8/24/2015,14068,13928,,
8/21/2015,13964,13826,,
8/20/2015,13907,13769,,
8/19/2015,13893,13755,,
8/18/2015,13900,13762,,
8/14/2015,13832,13694,,
8/13/2015,13816,13678,,
08/12/2015,13827,13689,,
08/11/2015,13609,13473,,
08/10/2015,13604,13468,,
08/07/2015,13604,13468,,
08/06/2015,13597,13461,,
08/05/2015,13585,13449,,
08/04/2015,13562,13428,,
08/03/2015,13559,13425,,
7/31/2015,13548,13414,,
7/30/2015,13535,13401,,
7/29/2015,13511,13377,,
7/28/2015,13527,13393,,
7/27/2015,13520,13386,,
7/24/2015,13515,13381,,
7/23/2015,13461,13327,,
7/22/2015,13435,13301,,
7/15/2015,13396,13262,,
7/14/2015,13387,13253,,
7/13/2015,13376,13242,,
07/10/2015,13371,13237,,
07/09/2015,13414,13280,,
07/08/2015,13413,13279,,
07/07/2015,13380,13246,,
07/06/2015,13420,13286,,
07/03/2015,13383,13249,,
07/02/2015,13404,13270,,
07/01/2015,13398,13264,,
6/30/2015,13399,13265,,
6/29/2015,13423,13289,,
6/26/2015,13405,13271,,
6/25/2015,13390,13256,,
6/24/2015,13346,13214,,
6/23/2015,13383,13249,,
6/22/2015,13385,13251,,
6/19/2015,13391,13257,,
6/18/2015,13408,13274,,
6/17/2015,13434,13300,,
6/16/2015,13400,13266,,
6/15/2015,13400,13266,,
06/12/2015,13384,13250,,
06/11/2015,13358,13226,,
06/10/2015,13396,13262,,
06/09/2015,13429,13295,,
06/08/2015,13427,13293,,
06/05/2015,13354,13222,,
06/04/2015,13309,13177,,
06/03/2015,13262,13130,,
06/01/2015,13296,13164,,
5/29/2015,13277,13145,,
5/28/2015,13271,13139,,
5/27/2015,13295,13163,,
5/26/2015,13258,13126,,
5/25/2015,13252,13120,,
5/22/2015,13202,13070,,
5/21/2015,13216,13084,,
5/20/2015,13235,13103,,
5/19/2015,13249,13117,,
5/18/2015,13182,13050,,
5/15/2015,13155,13025,,
5/13/2015,13254,13122,,
05/12/2015,13269,13137,,
05/11/2015,13182,13050,,
05/08/2015,13243,13111,,
05/07/2015,13130,13000,,
05/06/2015,13105,12975,,
05/05/2015,13058,12928,,
05/04/2015,13086,12956,,
4/30/2015,13002,12872,,
4/29/2015,13029,12899,,
4/28/2015,13043,12913,,
4/27/2015,12987,12857,,
4/24/2015,13006,12876,,
4/23/2015,13004,12874,,
4/22/2015,13017,12887,,
4/21/2015,13007,12877,,
4/20/2015,12939,12811,,
4/17/2015,12927,12799,,
4/16/2015,12902,12774,,
4/15/2015,13041,12911,,
4/14/2015,13044,12914,,
4/13/2015,13010,12880,,
04/10/2015,12975,12845,,
04/09/2015,13038,12908,,
04/08/2015,13067,12937,,
04/07/2015,13047,12917,,
04/06/2015,13007,12877,,
04/02/2015,13065,12935,,
04/01/2015,13108,12978,,
3/31/2015,13149,13019,,
3/30/2015,13151,13021,,
3/27/2015,13129,12999,,
3/26/2015,13068,12938,,
3/25/2015,12997,12867,,
3/24/2015,13037,12907,,
3/23/2015,13141,13011,,
3/20/2015,13140,13010,,
3/19/2015,13073,12943,,
3/18/2015,13230,13098,,
3/17/2015,13275,13143,,
3/16/2015,13303,13171,,
3/13/2015,13257,13125,,
03/12/2015,13242,13110,,
03/11/2015,13230,13098,,
03/10/2015,13124,12994,,
03/09/2015,13112,12982,,
03/06/2015,13048,12918,,
03/05/2015,13087,12957,,
03/04/2015,13028,12898,,
03/03/2015,13027,12897,,
03/02/2015,13058,12928,,
2/27/2015,12927,12799,,
2/26/2015,12926,12798,,
2/25/2015,12951,12823,,
2/24/2015,12930,12802,,
2/23/2015,12877,12749,,
2/20/2015,12913,12785,,
2/18/2015,12868,12740,,
2/17/2015,12821,12693,,
2/16/2015,12806,12678,,
2/13/2015,12833,12705,,
02/12/2015,12858,12730,,
02/11/2015,12764,12636,,
02/10/2015,12707,12581,,
02/09/2015,12742,12616,,
02/06/2015,12676,12550,,
02/05/2015,12716,12590,,
02/04/2015,12672,12546,,
02/03/2015,12706,12580,,
02/02/2015,12764,12636,,
1/30/2015,12688,12562,,
1/29/2015,12578,12452,,
1/28/2015,12560,12436,,
1/27/2015,12555,12431,,
1/26/2015,12580,12454,,
1/23/2015,12506,12382,,
1/22/2015,12513,12389,,
1/21/2015,12620,12494,,
1/20/2015,12722,12596,,
1/19/2015,12675,12549,,
1/16/2015,12656,12530,,
1/15/2015,12680,12554,,
1/14/2015,12643,12517,,
1/13/2015,12671,12545,,
01/12/2015,12631,12505,,
01/09/2015,12703,12577,,
01/08/2015,12795,12667,,
01/07/2015,12796,12668,,
01/06/2015,12721,12595,,
01/05/2015,12652,12526,,
01/02/2015,12536,12412,,
12/31/2014,12502,12378,,
12/30/2014,12498,12374,,
12/29/2014,12496,12372,,
12/24/2014,12529,12405,,
12/23/2014,12518,12394,,
12/22/2014,12497,12373,,
12/19/2014,12563,12437,,
12/18/2014,12628,12502,,
12/17/2014,12784,12656,,
12/16/2014,12965,12835,,
12/15/2014,12662,12536,,
12/12/2014,12494,12370,,
12/11/2014,12398,12274,,
12/10/2014,12398,12274,,
12/09/2014,12409,12285,,
12/08/2014,12414,12290,,
12/05/2014,12357,12235,,
12/04/2014,12380,12256,,
12/03/2014,12356,12234,,
12/02/2014,12337,12215,,
12/01/2014,12325,12203,,
11/28/2014,12257,12135,,
11/27/2014,12240,12118,,
11/26/2014,12221,12099,,
11/25/2014,12227,12105,,
11/24/2014,12183,12061,,
11/21/2014,12222,12100,,
11/20/2014,12222,12100,,
11/19/2014,12185,12063,,
11/18/2014,12207,12085,,
11/17/2014,12254,12132,,
11/14/2014,12267,12145,,
11/13/2014,12252,12130,,
11/12/2014,12266,12144,,
11/11/2014,12224,12102,,
11/10/2014,12199,12077,,
11/07/2014,12210,12088,,
11/06/2014,12240,12118,,
11/05/2014,12152,12032,,
11/04/2014,12191,12069,,
11/03/2014,12166,12044,,
10/31/2014,12142,12022,,
10/30/2014,12226,12104,,
10/29/2014,12224,12102,,
10/28/2014,12219,12097,,
10/27/2014,12102,11982,,
10/24/2014,12125,12005,,
10/23/2014,12094,11974,,
10/22/2014,12086,11966,,
10/21/2014,12053,11933,,
10/20/2014,12101,11981,,
10/17/2014,12283,12161,,
10/16/2014,12268,12146,,
10/15/2014,12290,12168,,
10/14/2014,12256,12134,,
10/13/2014,12263,12141,,
10/10/2014,12268,12146,,
10/09/2014,12251,12129,,
10/08/2014,12302,12180,,
10/07/2014,12251,12129,,
10/06/2014,12273,12151,,
10/03/2014,12205,12083,,
10/02/2014,12197,12075,,
10/01/2014,12249,12127,,
9/30/2014,12273,12151,,
9/29/2014,12181,12059,,
9/26/2014,12067,11947,,
9/25/2014,12007,11887,,
9/24/2014,12036,11916,,
9/23/2014,12047,11927,,
9/22/2014,12032,11912,,
9/19/2014,12045,11925,,
9/18/2014,12090,11970,,
9/17/2014,11968,11848,,
9/16/2014,11963,11843,,
9/15/2014,11934,11816,,
09/12/2014,11890,11772,,
09/11/2014,11890,11772,,
09/10/2014,11841,11723,,
09/09/2014,11813,11695,,
09/08/2014,11781,11663,,
09/05/2014,11829,11711,,
09/04/2014,11819,11701,,
09/03/2014,11840,11722,,
09/02/2014,11793,11675,,
09/01/2014,11769,11651,,
8/29/2014,11776,11658,,
8/28/2014,11740,11624,,
8/27/2014,11767,11649,,
8/26/2014,11774,11656,,
8/25/2014,11773,11655,,
8/22/2014,11712,11596,,
8/21/2014,11776,11658,,
8/20/2014,11766,11648,,
8/19/2014,11740,11624,,
8/18/2014,11739,11623,,
8/15/2014,11751,11635,,
8/14/2014,11725,11609,,
8/13/2014,11741,11625,,
08/12/2014,11735,11619,,
08/11/2014,11787,11669,,
08/08/2014,11881,11763,,
08/07/2014,11825,11707,,
08/06/2014,11815,11697,,
08/05/2014,11792,11674,,
08/04/2014,11806,11688,,
08/01/2014,11649,11533,,
7/25/2014,11649,11533,,
7/24/2014,11589,11473,,
7/23/2014,11555,11441,,
7/22/2014,11589,11473,,
7/21/2014,11635,11519,,
7/18/2014,11765,11647,,
7/17/2014,11726,11610,,
7/16/2014,11864,11746,,
7/15/2014,11768,11650,,
7/14/2014,11685,11569,,
07/11/2014,11685,11569,,
07/10/2014,11607,11491,,
07/08/2014,11753,11637,,
07/07/2014,11846,11728,,
07/04/2014,11946,11828,,
07/03/2014,12023,11903,,
07/02/2014,11913,11795,,
07/01/2014,11857,11739,,
6/30/2014,12029,11909,,
6/27/2014,12164,12042,,
6/26/2014,12151,12031,,
6/25/2014,12087,11967,,
6/24/2014,12060,11940,,
6/23/2014,12031,11911,,
6/20/2014,12027,11907,,
6/19/2014,11976,11856,,
6/18/2014,12038,11918,,
6/17/2014,11922,11804,,
6/16/2014,11873,11755,,
6/13/2014,11840,11722,,
06/12/2014,11872,11754,,
06/11/2014,11862,11744,,
06/10/2014,11865,11747,,
06/09/2014,11849,11731,,
06/06/2014,11882,11764,,
06/05/2014,11933,11815,,
06/04/2014,11869,11751,,
06/03/2014,11865,11747,,
06/02/2014,11799,11681,,
5/30/2014,11669,11553,,
5/28/2014,11671,11555,,
5/26/2014,11691,11575,,
5/23/2014,11618,11502,,
5/22/2014,11573,11457,,
5/21/2014,11565,11449,,
5/20/2014,11498,11384,,
5/19/2014,11408,11294,,
5/16/2014,11472,11358,,
5/14/2014,11544,11430,,
5/13/2014,11583,11467,,
05/12/2014,11594,11478,,
05/09/2014,11621,11505,,
05/08/2014,11682,11566,,
05/07/2014,11585,11469,,
05/06/2014,11569,11453,,
05/05/2014,11569,11453,,
05/02/2014,11595,11479,,
4/30/2014,11590,11474,,
4/29/2014,11647,11531,,
4/28/2014,11626,11510,,
4/25/2014,11659,11543,,
4/24/2014,11666,11550,,
4/23/2014,11648,11532,,
4/22/2014,11543,11429,,
4/21/2014,11487,11373,,
4/17/2014,11475,11361,,
4/16/2014,11495,11381,,
4/15/2014,11491,11377,,
4/14/2014,11501,11387,,
04/11/2014,11507,11393,,
04/10/2014,11399,11285,,
04/08/2014,11366,11252,,
04/07/2014,11338,11226,,
04/04/2014,11367,11253,,
04/03/2014,11367,11253,,
04/02/2014,11360,11246,,
04/01/2014,11327,11215,,
3/28/2014,11461,11347,,
3/27/2014,11495,11381,,
3/26/2014,11465,11351,,
3/25/2014,11414,11300,,
3/24/2014,11441,11327,,
3/21/2014,11488,11374,,
3/20/2014,11464,11350,,
3/19/2014,11370,11256,,
3/18/2014,11338,11226,,
3/17/2014,11328,11216,,
3/14/2014,11478,11364,,
3/13/2014,11444,11330,,
03/12/2014,11489,11375,,
03/11/2014,11441,11327,,
03/10/2014,11506,11392,,
03/07/2014,11452,11338,,
03/06/2014,11612,11496,,
03/05/2014,11638,11522,,
03/04/2014,11705,11589,,
03/03/2014,11654,11538,,
2/28/2014,11692,11576,,
2/27/2014,11733,11617,,
2/26/2014,11727,11611,,
2/25/2014,11678,11562,,
2/24/2014,11787,11669,,
2/21/2014,11851,11733,,
2/20/2014,11831,11713,,
2/19/2014,11909,11791,,
2/18/2014,11885,11767,,
2/17/2014,11775,11657,,
2/14/2014,11945,11827,,
2/13/2014,12133,12013,,
02/12/2014,12176,12054,,
02/11/2014,12235,12113,,
02/10/2014,12227,12105,,
02/07/2014,12237,12115,,
02/06/2014,12220,12098,,
02/05/2014,12233,12111,,
02/04/2014,12309,12187,,
02/03/2014,12312,12190,,
1/30/2014,12287,12165,,
1/29/2014,12215,12093,,
1/28/2014,12328,12206,,
1/27/2014,12259,12137,,
1/24/2014,12238,12116,,
1/23/2014,12234,12112,,
1/22/2014,12210,12088,,
1/21/2014,12183,12061,,
1/20/2014,12171,12049,,
1/17/2014,12188,12066,,
1/16/2014,12178,12056,,
1/15/2014,12137,12017,,
1/13/2014,12107,11987,,
01/10/2014,12258,12136,,
01/09/2014,12324,12202,,
01/08/2014,12290,12168,,
01/07/2014,12323,12201,,
01/06/2014,12291,12169,,
01/03/2014,12287,12165,,
01/02/2014,12303,12181,,
