date;kurs_close;value_import;value_export;volume_import;volume_export
2015-01-01;12385;143;150;147093;508827
2015-01-02;12543;143;150;147093;508827
2015-01-05;12628;143;150;147093;508827
2015-01-06;12658;143;150;147093;508827
2015-01-07;12739;143;150;147093;508827
2015-01-08;12680;143;150;147093;508827
2015-01-09;12652;143;150;147093;508827
2015-01-12;12598;143;150;147093;508827
2015-01-13;12598;143;150;147093;508827
2015-01-14;12613;143;150;147093;508827
2015-01-15;12560;143;150;147093;508827
2015-01-16;12588;143;150;147093;508827
2015-01-19;12619;143;150;147093;508827
2015-01-20;12584;143;150;147093;508827
2015-01-21;12480;143;150;147093;508827
2015-01-22;12488;143;150;147093;508827
2015-01-23;12473;143;150;147093;508827
2015-01-26;12510;143;150;147093;508827
2015-01-27;12477;143;150;147093;508827
2015-01-28;12486;143;150;147093;508827
2015-01-29;12568;143;150;147093;508827
2015-01-30;12668;143;150;147093;508827
2015-02-02;12685;143;150;147093;508827
2015-02-03;12654;143;150;147093;508827
2015-02-04;12625;143;150;147093;508827
2015-02-05;12633;143;150;147093;508827
2015-02-06;12615;143;150;147093;508827
2015-02-09;12648;143;150;147093;508827
2015-02-10;12673;143;150;147093;508827
2015-02-11;12715;143;150;147093;508827
2015-02-12;12793;143;150;147093;508827
2015-02-13;12788;143;150;147093;508827
2015-02-16;12753;143;150;147093;508827
2015-02-17;12770;143;150;147093;508827
2015-02-18;12843;143;150;147093;508827
2015-02-19;12843;143;150;147093;508827
2015-02-20;12813;143;150;147093;508827
2015-02-23;12835;143;150;147093;508827
2015-02-24;12898;143;150;147093;508827
2015-02-25;12874;143;150;147093;508827
2015-02-26;12838;143;150;147093;508827
2015-02-27;12925;143;150;147093;508827
2015-03-02;12970;143;150;147093;508827
2015-03-03;12965;143;150;147093;508827
2015-03-04;12983;143;150;147093;508827
2015-03-05;12990;143;150;147093;508827
2015-03-06;12980;143;150;147093;508827
2015-03-09;13050;143;150;147093;508827
2015-03-10;13092;143;150;147093;508827
2015-03-11;13191;143;150;147093;508827
2015-03-12;13183;143;150;147093;508827
2015-03-13;13195;143;150;147093;508827
2015-03-16;13242;143;150;147093;508827
2015-03-17;13168;143;150;147093;508827
2015-03-18;13170;143;150;147093;508827
2015-03-19;13035;143;150;147093;508827
2015-03-20;13116;143;150;147093;508827
2015-03-23;13020;143;150;147093;508827
2015-03-24;12905;143;150;147093;508827
2015-03-25;12986;143;150;147093;508827
2015-03-26;13019;143;150;147093;508827
2015-03-27;13065;143;150;147093;508827
2015-03-30;13075;143;150;147093;508827
2015-03-31;13075;143;150;147093;508827
2015-04-01;13043;143;150;147093;508827
2015-04-02;13003;143;150;147093;508827
2015-04-03;13003;143;150;147093;508827
2015-04-06;12959;143;150;147093;508827
2015-04-07;12985;143;150;147093;508827
2015-04-08;12955;143;150;147093;508827
2015-04-09;12898;143;150;147093;508827
2015-04-10;12915;143;150;147093;508827
2015-04-13;12985;143;150;147093;508827
2015-04-14;12981;143;150;147093;508827
2015-04-15;12901;143;150;147093;508827
2015-04-16;12856;143;150;147093;508827
2015-04-17;12850;143;150;147093;508827
2015-04-20;12890;143;150;147093;508827
2015-04-21;12958;143;150;147093;508827
2015-04-22;12900;143;150;147093;508827
2015-04-23;12955;143;150;147093;508827
2015-04-24;12920;143;150;147093;508827
2015-04-27;12980;143;150;147093;508827
2015-04-28;12980;143;150;147093;508827
2015-04-29;12940;143;150;147093;508827
2015-04-30;12963;143;150;147093;508827
2015-05-01;12963;143;150;147093;508827
2015-05-04;12980;143;150;147093;508827
2015-05-05;13048;143;150;147093;508827
2015-05-06;13035;143;150;147093;508827
2015-05-07;13145;143;150;147093;508827
2015-05-08;13128;143;150;147093;508827
2015-05-11;13155;143;150;147093;508827
2015-05-12;13198;143;150;147093;508827
2015-05-13;13138;143;150;147093;508827
2015-05-14;13138;143;150;147093;508827
2015-05-15;13091;143;150;147093;508827
2015-05-18;13137;143;150;147093;508827
2015-05-19;13116;143;150;147093;508827
2015-05-20;13175;143;150;147093;508827
2015-05-21;13130;143;150;147093;508827
2015-05-22;13155;143;150;147093;508827
2015-05-25;13187;143;150;147093;508827
2015-05-26;13210;143;150;147093;508827
2015-05-27;13202;143;150;147093;508827
2015-05-28;13222;143;150;147093;508827
2015-05-29;13224;143;150;147093;508827
2015-06-01;13223;143;150;147093;508827
2015-06-02;13223;143;150;147093;508827
2015-06-03;13221;143;150;147093;508827
2015-06-04;13282;143;150;147093;508827
2015-06-05;13276;143;150;147093;508827
2015-06-08;13380;143;150;147093;508827
2015-06-09;13303;143;150;147093;508827
2015-06-10;13313;143;150;147093;508827
2015-06-11;13321;143;150;147093;508827
2015-06-12;13333;143;150;147093;508827
2015-06-15;13335;143;150;147093;508827
2015-06-16;13353;143;150;147093;508827
2015-06-17;13368;143;150;147093;508827
2015-06-18;13305;143;150;147093;508827
2015-06-19;13332;143;150;147093;508827
2015-06-22;13310;143;150;147093;508827
2015-06-23;13255;143;150;147093;508827
2015-06-24;13304;143;150;147093;508827
2015-06-25;13328;143;150;147093;508827
2015-06-26;13310;143;150;147093;508827
2015-06-29;13345;143;150;147093;508827
2015-06-30;13333;143;150;147093;508827
2015-07-01;13326;143;150;147093;508827
2015-07-02;13338;143;150;147093;508827
2015-07-03;13320;143;150;147093;508827
2015-07-06;13350;143;150;147093;508827
2015-07-07;13328;143;150;147093;508827
2015-07-08;13345;143;150;147093;508827
2015-07-09;13336;143;150;147093;508827
2015-07-10;13314;143;150;147093;508827
2015-07-13;13300;143;150;147093;508827
2015-07-14;13335;143;150;147093;508827
2015-07-15;13345;143;150;147093;508827
2015-07-16;13345;143;150;147093;508827
2015-07-17;13345;143;150;147093;508827
2015-07-20;13345;143;150;147093;508827
2015-07-21;13345;143;150;147093;508827
2015-07-22;13378;143;150;147093;508827
2015-07-23;13423;143;150;147093;508827
2015-07-24;13445;143;150;147093;508827
2015-07-27;13459;143;150;147093;508827
2015-07-28;13463;143;150;147093;508827
2015-07-29;13456;143;150;147093;508827
2015-07-30;13468;143;150;147093;508827
2015-07-31;13528;143;150;147093;508827
2015-08-03;13500;143;150;147093;508827
2015-08-04;13486;143;150;147093;508827
2015-08-05;13514;143;150;147093;508827
2015-08-06;13542;143;150;147093;508827
2015-08-07;13540;143;150;147093;508827
2015-08-10;13549;143;150;147093;508827
2015-08-11;13600;143;150;147093;508827
2015-08-12;13785;143;150;147093;508827
2015-08-13;13745;143;150;147093;508827
2015-08-14;13788;143;150;147093;508827
2015-08-17;13788;143;150;147093;508827
2015-08-18;13818;143;150;147093;508827
2015-08-19;13843;143;150;147093;508827
2015-08-20;13870;143;150;147093;508827
2015-08-21;13943;143;150;147093;508827
2015-08-24;14047;143;150;147093;508827
2015-08-25;14065;143;150;147093;508827
2015-08-26;14123;143;150;147093;508827
2015-08-27;13993;143;150;147093;508827
2015-08-28;13983;143;150;147093;508827
2015-08-31;14050;143;150;147093;508827
2015-09-01;14098;143;150;147093;508827
2015-09-02;14130;143;150;147093;508827
2015-09-03;14169;143;150;147093;508827
2015-09-04;14165;143;150;147093;508827
2015-09-07;14248;143;150;147093;508827
2015-09-08;14280;143;150;147093;508827
2015-09-09;14262;143;150;147093;508827
2015-09-10;14333;143;150;147093;508827
2015-09-11;14330;143;150;147093;508827
2015-09-14;14348;143;150;147093;508827
2015-09-15;14408;143;150;147093;508827
2015-09-16;14455;143;150;147093;508827
2015-09-17;14458;143;150;147093;508827
2015-09-18;14375;143;150;147093;508827
2015-09-21;14455;143;150;147093;508827
2015-09-22;14498;143;150;147093;508827
2015-09-23;14648;143;150;147093;508827
2015-09-24;14648;143;150;147093;508827
2015-09-25;14685;143;150;147093;508827
2015-09-28;14698;143;150;147093;508827
2015-09-29;14683;143;150;147093;508827
2015-09-30;14650;143;150;147093;508827
2015-10-01;14670;143;150;147093;508827
2015-10-02;14643;143;150;147093;508827
2015-10-05;14495;143;150;147093;508827
2015-10-06;14246;143;150;147093;508827
2015-10-07;13825;143;150;147093;508827
2015-10-08;13868;143;150;147093;508827
2015-10-09;13420;143;150;147093;508827
2015-10-12;13405;143;150;147093;508827
2015-10-13;13620;143;150;147093;508827
2015-10-14;13620;143;150;147093;508827
2015-10-15;13455;143;150;147093;508827
2015-10-16;13530;143;150;147093;508827
2015-10-19;13532;143;150;147093;508827
2015-10-20;13645;143;150;147093;508827
2015-10-21;13717;143;150;147093;508827
2015-10-22;13658;143;150;147093;508827
2015-10-23;13635;143;150;147093;508827
2015-10-26;13645;143;150;147093;508827
2015-10-27;13623;143;150;147093;508827
2015-10-28;13478;143;150;147093;508827
2015-10-29;13635;143;150;147093;508827
2015-10-30;13688;143;150;147093;508827
2015-11-02;13668;143;150;147093;508827
2015-11-03;13555;143;150;147093;508827
2015-11-04;13555;143;150;147093;508827
2015-11-05;13565;143;150;147093;508827
2015-11-06;13560;143;150;147093;508827
2015-11-09;13648;143;150;147093;508827
2015-11-10;13610;143;150;147093;508827
2015-11-11;13603;143;150;147093;508827
2015-11-12;13603;143;150;147093;508827
2015-11-13;13665;143;150;147093;508827
2015-11-16;13728;143;150;147093;508827
2015-11-17;13748;143;150;147093;508827
2015-11-18;13800;143;150;147093;508827
2015-11-19;13778;143;150;147093;508827
2015-11-20;13655;143;150;147093;508827
2015-11-23;13723;143;150;147093;508827
2015-11-24;13708;143;150;147093;508827
2015-11-25;13688;143;150;147093;508827
2015-11-26;13729;143;150;147093;508827
2015-11-27;13780;143;150;147093;508827
2015-11-30;13835;143;150;147093;508827
2015-12-01;13783;143;150;147093;508827
2015-12-02;13798;143;150;147093;508827
2015-12-03;13844;143;150;147093;508827
2015-12-04;13832;143;150;147093;508827
2015-12-07;13843;143;150;147093;508827
2015-12-08;13873;143;150;147093;508827
2015-12-09;13873;143;150;147093;508827
2015-12-10;13935;143;150;147093;508827
2015-12-11;13948;143;150;147093;508827
2015-12-14;14078;143;150;147093;508827
2015-12-15;14057;143;150;147093;508827
2015-12-16;14070;143;150;147093;508827
2015-12-17;14007;143;150;147093;508827
2015-12-18;13918;143;150;147093;508827
2015-12-21;13773;143;150;147093;508827
2015-12-22;13675;143;150;147093;508827
2015-12-23;13643;143;150;147093;508827
2015-12-24;13643;143;150;147093;508827
2015-12-25;13643;143;150;147093;508827
2015-12-28;13650;143;150;147093;508827
2015-12-29;13745;143;150;147093;508827
2015-12-30;13783;143;150;147093;508827
2015-12-31;13788;143;150;147093;508827
2016-01-01;13915;136;145;152025;511728
2016-01-04;13915;136;145;152025;511728
2016-01-05;13863;136;145;152025;511728
2016-01-06;13948;136;145;152025;511728
2016-01-07;13928;136;145;152025;511728
2016-01-08;13923;136;145;152025;511728
2016-01-11;13875;136;145;152025;511728
2016-01-12;13910;136;145;152025;511728
2016-01-13;13828;136;145;152025;511728
2016-01-14;13910;136;145;152025;511728
2016-01-15;13895;136;145;152025;511728
2016-01-18;13933;136;145;152025;511728
2016-01-19;13880;136;145;152025;511728
2016-01-20;13960;136;145;152025;511728
2016-01-21;13910;136;145;152025;511728
2016-01-22;13850;136;145;152025;511728
2016-01-25;13873;136;145;152025;511728
2016-01-26;13900;136;145;152025;511728
2016-01-27;13879;136;145;152025;511728
2016-01-28;13875;136;145;152025;511728
2016-01-29;13775;136;145;152025;511728
2016-02-01;13638;136;145;152025;511728
2016-02-02;13688;136;145;152025;511728
2016-02-03;13765;136;145;152025;511728
2016-02-04;13638;136;145;152025;511728
2016-02-05;13625;136;145;152025;511728
2016-02-08;13625;136;145;152025;511728
2016-02-09;13605;136;145;152025;511728
2016-02-10;13463;136;145;152025;511728
2016-02-11;13463;136;145;152025;511728
2016-02-12;13490;136;145;152025;511728
2016-02-15;13375;136;145;152025;511728
2016-02-16;13400;136;145;152025;511728
2016-02-17;13510;136;145;152025;511728
2016-02-18;13495;136;145;152025;511728
2016-02-19;13495;136;145;152025;511728
2016-02-22;13438;136;145;152025;511728
2016-02-23;13425;136;145;152025;511728
2016-02-24;13413;136;145;152025;511728
2016-02-25;13411;136;145;152025;511728
2016-02-26;13370;136;145;152025;511728
2016-02-29;13372;136;145;152025;511728
2016-03-01;13350;136;145;152025;511728
2016-03-02;13290;136;145;152025;511728
2016-03-03;13235;136;145;152025;511728
2016-03-04;13135;136;145;152025;511728
2016-03-07;13090;136;145;152025;511728
2016-03-08;13143;136;145;152025;511728
2016-03-09;13143;136;145;152025;511728
2016-03-10;13073;136;145;152025;511728
2016-03-11;13070;136;145;152025;511728
2016-03-14;13060;136;145;152025;511728
2016-03-15;13178;136;145;152025;511728
2016-03-16;13268;136;145;152025;511728
2016-03-17;13095;136;145;152025;511728
2016-03-18;13118;136;145;152025;511728
2016-03-21;13135;136;145;152025;511728
2016-03-22;13180;136;145;152025;511728
2016-03-23;13178;136;145;152025;511728
2016-03-24;13253;136;145;152025;511728
2016-03-25;13253;136;145;152025;511728
2016-03-28;13368;136;145;152025;511728
2016-03-29;13398;136;145;152025;511728
2016-03-30;13268;136;145;152025;511728
2016-03-31;13260;136;145;152025;511728
2016-04-01;13160;136;145;152025;511728
2016-04-04;13167;136;145;152025;511728
2016-04-05;13219;136;145;152025;511728
2016-04-06;13223;136;145;152025;511728
2016-04-07;13160;136;145;152025;511728
2016-04-08;13143;136;145;152025;511728
2016-04-11;13128;136;145;152025;511728
2016-04-12;13114;136;145;152025;511728
2016-04-13;13160;136;145;152025;511728
2016-04-14;13178;136;145;152025;511728
2016-04-15;13175;136;145;152025;511728
2016-04-18;13175;136;145;152025;511728
2016-04-19;13148;136;145;152025;511728
2016-04-20;13141;136;145;152025;511728
2016-04-21;13158;136;145;152025;511728
2016-04-22;13198;136;145;152025;511728
2016-04-25;13198;136;145;152025;511728
2016-04-26;13200;136;145;152025;511728
2016-04-27;13195;136;145;152025;511728
2016-04-28;13187;136;145;152025;511728
2016-04-29;13185;136;145;152025;511728
2016-05-02;13180;136;145;152025;511728
2016-05-03;13195;136;145;152025;511728
2016-05-04;13242;136;145;152025;511728
2016-05-05;13242;136;145;152025;511728
2016-05-06;13242;136;145;152025;511728
2016-05-09;13290;136;145;152025;511728
2016-05-10;13288;136;145;152025;511728
2016-05-11;13305;136;145;152025;511728
2016-05-12;13298;136;145;152025;511728
2016-05-13;13318;136;145;152025;511728
2016-05-16;13303;136;145;152025;511728
2016-05-17;13299;136;145;152025;511728
2016-05-18;13389;136;145;152025;511728
2016-05-19;13555;136;145;152025;511728
2016-05-20;13608;136;145;152025;511728
2016-05-23;13583;136;145;152025;511728
2016-05-24;13690;136;145;152025;511728
2016-05-25;13655;136;145;152025;511728
2016-05-26;13604;136;145;152025;511728
2016-05-27;13583;136;145;152025;511728
2016-05-30;13645;136;145;152025;511728
2016-05-31;13660;136;145;152025;511728
2016-06-01;13660;136;145;152025;511728
2016-06-02;13648;136;145;152025;511728
2016-06-03;13592;136;145;152025;511728
2016-06-06;13378;136;145;152025;511728
2016-06-07;13270;136;145;152025;511728
2016-06-08;13265;136;145;152025;511728
2016-06-09;13265;136;145;152025;511728
2016-06-10;13298;136;145;152025;511728
2016-06-13;13279;136;145;152025;511728
2016-06-14;13365;136;145;152025;511728
2016-06-15;13373;136;145;152025;511728
2016-06-16;13368;136;145;152025;511728
2016-06-17;13338;136;145;152025;511728
2016-06-20;13265;136;145;152025;511728
2016-06-21;13263;136;145;152025;511728
2016-06-22;13284;136;145;152025;511728
2016-06-23;13258;136;145;152025;511728
2016-06-24;13380;136;145;152025;511728
2016-06-27;13340;136;145;152025;511728
2016-06-28;13178;136;145;152025;511728
2016-06-29;13162;136;145;152025;511728
2016-06-30;13213;136;145;152025;511728
2016-07-01;13140;136;145;152025;511728
2016-07-04;13128;136;145;152025;511728
2016-07-05;13128;136;145;152025;511728
2016-07-06;13128;136;145;152025;511728
2016-07-07;13128;136;145;152025;511728
2016-07-08;13128;136;145;152025;511728
2016-07-11;13090;136;145;152025;511728
2016-07-12;13120;136;145;152025;511728
2016-07-13;13095;136;145;152025;511728
2016-07-14;13083;136;145;152025;511728
2016-07-15;13092;136;145;152025;511728
2016-07-18;13088;136;145;152025;511728
2016-07-19;13089;136;145;152025;511728
2016-07-20;13113;136;145;152025;511728
2016-07-21;13100;136;145;152025;511728
2016-07-22;13109;136;145;152025;511728
2016-07-25;13140;136;145;152025;511728
2016-07-26;13168;136;145;152025;511728
2016-07-27;13140;136;145;152025;511728
2016-07-28;13101;136;145;152025;511728
2016-07-29;13099;136;145;152025;511728
2016-08-01;13071;136;145;152025;511728
2016-08-02;13098;136;145;152025;511728
2016-08-03;13125;136;145;152025;511728
2016-08-04;13138;136;145;152025;511728
2016-08-05;13129;136;145;152025;511728
2016-08-08;13130;136;145;152025;511728
2016-08-09;13133;136;145;152025;511728
2016-08-10;13114;136;145;152025;511728
2016-08-11;13117;136;145;152025;511728
2016-08-12;13121;136;145;152025;511728
2016-08-15;13113;136;145;152025;511728
2016-08-16;13096;136;145;152025;511728
2016-08-17;13096;136;145;152025;511728
2016-08-18;13117;136;145;152025;511728
2016-08-19;13158;136;145;152025;511728
2016-08-22;13212;136;145;152025;511728
2016-08-23;13219;136;145;152025;511728
2016-08-24;13248;136;145;152025;511728
2016-08-25;13242;136;145;152025;511728
2016-08-26;13206;136;145;152025;511728
2016-08-29;13265;136;145;152025;511728
2016-08-30;13278;136;145;152025;511728
2016-08-31;13268;136;145;152025;511728
2016-09-01;13268;136;145;152025;511728
2016-09-02;13247;136;145;152025;511728
2016-09-05;13153;136;145;152025;511728
2016-09-06;13127;136;145;152025;511728
2016-09-07;13085;136;145;152025;511728
2016-09-08;13063;136;145;152025;511728
2016-09-09;13100;136;145;152025;511728
2016-09-12;13100;136;145;152025;511728
2016-09-13;13170;136;145;152025;511728
2016-09-14;13205;136;145;152025;511728
2016-09-15;13175;136;145;152025;511728
2016-09-16;13158;136;145;152025;511728
2016-09-19;13156;136;145;152025;511728
2016-09-20;13153;136;145;152025;511728
2016-09-21;13136;136;145;152025;511728
2016-09-22;13090;136;145;152025;511728
2016-09-23;13077;136;145;152025;511728
2016-09-26;13030;136;145;152025;511728
2016-09-27;12955;136;145;152025;511728
2016-09-28;12948;136;145;152025;511728
2016-09-29;12975;136;145;152025;511728
2016-09-30;13051;136;145;152025;511728
2016-10-03;12983;136;145;152025;511728
2016-10-04;12982;136;145;152025;511728
2016-10-05;12998;136;145;152025;511728
2016-10-06;12987;136;145;152025;511728
2016-10-07;12985;136;145;152025;511728
2016-10-10;12978;136;145;152025;511728
2016-10-11;13013;136;145;152025;511728
2016-10-12;13019;136;145;152025;511728
2016-10-13;13078;136;145;152025;511728
2016-10-14;13045;136;145;152025;511728
2016-10-17;13069;136;145;152025;511728
2016-10-18;13032;136;145;152025;511728
2016-10-19;13008;136;145;152025;511728
2016-10-20;13008;136;145;152025;511728
2016-10-21;13045;136;145;152025;511728
2016-10-24;13013;136;145;152025;511728
2016-10-25;13006;136;145;152025;511728
2016-10-26;13008;136;145;152025;511728
2016-10-27;13033;136;145;152025;511728
2016-10-28;13051;136;145;152025;511728
2016-10-31;13048;136;145;152025;511728
2016-11-01;13042;136;145;152025;511728
2016-11-02;13056;136;145;152025;511728
2016-11-03;13075;136;145;152025;511728
2016-11-04;13070;136;145;152025;511728
2016-11-07;13088;136;145;152025;511728
2016-11-08;13084;136;145;152025;511728
2016-11-09;13099;136;145;152025;511728
2016-11-10;13138;136;145;152025;511728
2016-11-11;13288;136;145;152025;511728
2016-11-14;13358;136;145;152025;511728
2016-11-15;13363;136;145;152025;511728
2016-11-16;13378;136;145;152025;511728
2016-11-17;13373;136;145;152025;511728
2016-11-18;13428;136;145;152025;511728
2016-11-21;13425;136;145;152025;511728
2016-11-22;13443;136;145;152025;511728
2016-11-23;13483;136;145;152025;511728
2016-11-24;13558;136;145;152025;511728
2016-11-25;13518;136;145;152025;511728
2016-11-28;13530;136;145;152025;511728
2016-11-29;13573;136;145;152025;511728
2016-11-30;13553;136;145;152025;511728
2016-12-01;13545;136;145;152025;511728
2016-12-02;13525;136;145;152025;511728
2016-12-05;13433;136;145;152025;511728
2016-12-06;13383;136;145;152025;511728
2016-12-07;13325;136;145;152025;511728
2016-12-08;13287;136;145;152025;511728
2016-12-09;13328;136;145;152025;511728
2016-12-12;13328;136;145;152025;511728
2016-12-13;13308;136;145;152025;511728
2016-12-14;13296;136;145;152025;511728
2016-12-15;13398;136;145;152025;511728
2016-12-16;13390;136;145;152025;511728
2016-12-19;13384;136;145;152025;511728
2016-12-20;13428;136;145;152025;511728
2016-12-21;13469;136;145;152025;511728
2016-12-22;13453;136;145;152025;511728
2016-12-23;13450;136;145;152025;511728
2016-12-26;13450;136;145;152025;511728
2016-12-27;13448;136;145;152025;511728
2016-12-28;13443;136;145;152025;511728
2016-12-29;13463;136;145;152025;511728
2016-12-30;13473;136;145;152025;511728
2017-01-02;13473;157;169;160749;545847
2017-01-03;13480;157;169;160749;545847
2017-01-04;13440;157;169;160749;545847
2017-01-05;13375;157;169;160749;545847
2017-01-06;13365;157;169;160749;545847
2017-01-09;13365;157;169;160749;545847
2017-01-10;13315;157;169;160749;545847
2017-01-11;13329;157;169;160749;545847
2017-01-12;13290;157;169;160749;545847
2017-01-13;13332;157;169;160749;545847
2017-01-16;13367;157;169;160749;545847
2017-01-17;13352;157;169;160749;545847
2017-01-18;13343;157;169;160749;545847
2017-01-19;13373;157;169;160749;545847
2017-01-20;13410;157;169;160749;545847
2017-01-23;13360;157;169;160749;545847
2017-01-24;13331;157;169;160749;545847
2017-01-25;13361;157;169;160749;545847
2017-01-26;13336;157;169;160749;545847
2017-01-27;13359;157;169;160749;545847
2017-01-30;13345;157;169;160749;545847
2017-01-31;13352;157;169;160749;545847
2017-02-01;13373;157;169;160749;545847
2017-02-02;13353;157;169;160749;545847
2017-02-03;13345;157;169;160749;545847
2017-02-06;13323;157;169;160749;545847
2017-02-07;13329;157;169;160749;545847
2017-02-08;13325;157;169;160749;545847
2017-02-09;13303;157;169;160749;545847
2017-02-10;13316;157;169;160749;545847
2017-02-13;13327;157;169;160749;545847
2017-02-14;13331;157;169;160749;545847
2017-02-15;13331;157;169;160749;545847
2017-02-16;13320;157;169;160749;545847
2017-02-17;13333;157;169;160749;545847
2017-02-20;13354;157;169;160749;545847
2017-02-21;13373;157;169;160749;545847
2017-02-22;13367;157;169;160749;545847
2017-02-23;13351;157;169;160749;545847
2017-02-24;13331;157;169;160749;545847
2017-02-27;13343;157;169;160749;545847
2017-02-28;13336;157;169;160749;545847
2017-03-01;13362;157;169;160749;545847
2017-03-02;13359;157;169;160749;545847
2017-03-03;13383;157;169;160749;545847
2017-03-06;13350;157;169;160749;545847
2017-03-07;13347;157;169;160749;545847
2017-03-08;13350;157;169;160749;545847
2017-03-09;13387;157;169;160749;545847
2017-03-10;13379;157;169;160749;545847
2017-03-13;13356;157;169;160749;545847
2017-03-14;13372;157;169;160749;545847
2017-03-15;13365;157;169;160749;545847
2017-03-16;13349;157;169;160749;545847
2017-03-17;13345;157;169;160749;545847
2017-03-20;13314;157;169;160749;545847
2017-03-21;13319;157;169;160749;545847
2017-03-22;13329;157;169;160749;545847
2017-03-23;13325;157;169;160749;545847
2017-03-24;13327;157;169;160749;545847
2017-03-27;13311;157;169;160749;545847
2017-03-28;13311;157;169;160749;545847
2017-03-29;13314;157;169;160749;545847
2017-03-30;13316;157;169;160749;545847
2017-03-31;13326;157;169;160749;545847
2017-04-03;13323;157;169;160749;545847
2017-04-04;13328;157;169;160749;545847
2017-04-05;13321;157;169;160749;545847
2017-04-06;13336;157;169;160749;545847
2017-04-07;13318;157;169;160749;545847
2017-04-10;13287;157;169;160749;545847
2017-04-11;13282;157;169;160749;545847
2017-04-12;13275;157;169;160749;545847
2017-04-13;13257;157;169;160749;545847
2017-04-14;13257;157;169;160749;545847
2017-04-17;13286;157;169;160749;545847
2017-04-18;13297;157;169;160749;545847
2017-04-19;13297;157;169;160749;545847
2017-04-20;13324;157;169;160749;545847
2017-04-21;13320;157;169;160749;545847
2017-04-24;13320;157;169;160749;545847
2017-04-25;13278;157;169;160749;545847
2017-04-26;13285;157;169;160749;545847
2017-04-27;13314;157;169;160749;545847
2017-04-28;13329;157;169;160749;545847
2017-05-01;13329;157;169;160749;545847
2017-05-02;13312;157;169;160749;545847
2017-05-03;13306;157;169;160749;545847
2017-05-04;13328;157;169;160749;545847
2017-05-05;13330;157;169;160749;545847
2017-05-08;13310;157;169;160749;545847
2017-05-09;13350;157;169;160749;545847
2017-05-10;13358;157;169;160749;545847
2017-05-11;13358;157;169;160749;545847
2017-05-12;13330;157;169;160749;545847
2017-05-15;13304;157;169;160749;545847
2017-05-16;13301;157;169;160749;545847
2017-05-17;13324;157;169;160749;545847
2017-05-18;13356;157;169;160749;545847
2017-05-19;13335;157;169;160749;545847
2017-05-22;13303;157;169;160749;545847
2017-05-23;13303;157;169;160749;545847
2017-05-24;13309;157;169;160749;545847
2017-05-25;13309;157;169;160749;545847
2017-05-26;13295;157;169;160749;545847
2017-05-29;13322;157;169;160749;545847
2017-05-30;13324;157;169;160749;545847
2017-05-31;13323;157;169;160749;545847
2017-06-01;13323;157;169;160749;545847
2017-06-02;13304;157;169;160749;545847
2017-06-05;13286;157;169;160749;545847
2017-06-06;13298;157;169;160749;545847
2017-06-07;13304;157;169;160749;545847
2017-06-08;13298;157;169;160749;545847
2017-06-09;13292;157;169;160749;545847
2017-06-12;13298;157;169;160749;545847
2017-06-13;13292;157;169;160749;545847
2017-06-14;13283;157;169;160749;545847
2017-06-15;13286;157;169;160749;545847
2017-06-16;13298;157;169;160749;545847
2017-06-19;13289;157;169;160749;545847
2017-06-20;13289;157;169;160749;545847
2017-06-21;13319;157;169;160749;545847
2017-06-22;13328;157;169;160749;545847
2017-06-23;13328;157;169;160749;545847
2017-06-26;13328;157;169;160749;545847
2017-06-27;13328;157;169;160749;545847
2017-06-28;13328;157;169;160749;545847
2017-06-29;13328;157;169;160749;545847
2017-06-30;13328;157;169;160749;545847
2017-07-03;13368;157;169;160749;545847
2017-07-04;13364;157;169;160749;545847
2017-07-05;13364;157;169;160749;545847
2017-07-06;13388;157;169;160749;545847
2017-07-07;13403;157;169;160749;545847
2017-07-10;13399;157;169;160749;545847
2017-07-11;13391;157;169;160749;545847
2017-07-12;13370;157;169;160749;545847
2017-07-13;13348;157;169;160749;545847
2017-07-14;13339;157;169;160749;545847
2017-07-17;13328;157;169;160749;545847
2017-07-18;13309;157;169;160749;545847
2017-07-19;13318;157;169;160749;545847
2017-07-20;13335;157;169;160749;545847
2017-07-21;13313;157;169;160749;545847
2017-07-24;13310;157;169;160749;545847
2017-07-25;13326;157;169;160749;545847
2017-07-26;13336;157;169;160749;545847
2017-07-27;13318;157;169;160749;545847
2017-07-28;13327;157;169;160749;545847
2017-07-31;13325;157;169;160749;545847
2017-08-01;13324;157;169;160749;545847
2017-08-02;13324;157;169;160749;545847
2017-08-03;13326;157;169;160749;545847
2017-08-04;13316;157;169;160749;545847
2017-08-07;13321;157;169;160749;545847
2017-08-08;13313;157;169;160749;545847
2017-08-09;13333;157;169;160749;545847
2017-08-10;13334;157;169;160749;545847
2017-08-11;13358;157;169;160749;545847
2017-08-14;13349;157;169;160749;545847
2017-08-15;13361;157;169;160749;545847
2017-08-16;13379;157;169;160749;545847
2017-08-17;13379;157;169;160749;545847
2017-08-18;13362;157;169;160749;545847
2017-08-21;13351;157;169;160749;545847
2017-08-22;13343;157;169;160749;545847
2017-08-23;13359;157;169;160749;545847
2017-08-24;13347;157;169;160749;545847
2017-08-25;13346;157;169;160749;545847
2017-08-28;13340;157;169;160749;545847
2017-08-29;13340;157;169;160749;545847
2017-08-30;13347;157;169;160749;545847
2017-08-31;13343;157;169;160749;545847
2017-09-01;13343;157;169;160749;545847
2017-09-04;13343;157;169;160749;545847
2017-09-05;13338;157;169;160749;545847
2017-09-06;13338;157;169;160749;545847
2017-09-07;13307;157;169;160749;545847
2017-09-08;13204;157;169;160749;545847
2017-09-11;13163;157;169;160749;545847
2017-09-12;13195;157;169;160749;545847
2017-09-13;13203;157;169;160749;545847
2017-09-14;13250;157;169;160749;545847
2017-09-15;13240;157;169;160749;545847
2017-09-18;13255;157;169;160749;545847
2017-09-19;13279;157;169;160749;545847
2017-09-20;13282;157;169;160749;545847
2017-09-21;13282;157;169;160749;545847
2017-09-22;13313;157;169;160749;545847
2017-09-25;13326;157;169;160749;545847
2017-09-26;13377;157;169;160749;545847
2017-09-27;13440;157;169;160749;545847
2017-09-28;13515;157;169;160749;545847
2017-09-29;13472;157;169;160749;545847
2017-10-02;13538;157;169;160749;545847
2017-10-03;13543;157;169;160749;545847
2017-10-04;13477;157;169;160749;545847
2017-10-05;13458;157;169;160749;545847
2017-10-06;13504;157;169;160749;545847
2017-10-09;13517;157;169;160749;545847
2017-10-10;13513;157;169;160749;545847
2017-10-11;13517;157;169;160749;545847
2017-10-12;13505;157;169;160749;545847
2017-10-13;13499;157;169;160749;545847
2017-10-16;13483;157;169;160749;545847
2017-10-17;13507;157;169;160749;545847
2017-10-18;13516;157;169;160749;545847
2017-10-19;13523;157;169;160749;545847
2017-10-20;13519;157;169;160749;545847
2017-10-23;13543;157;169;160749;545847
2017-10-24;13533;157;169;160749;545847
2017-10-25;13578;157;169;160749;545847
2017-10-26;13582;157;169;160749;545847
2017-10-27;13617;157;169;160749;545847
2017-10-30;13584;157;169;160749;545847
2017-10-31;13563;157;169;160749;545847
2017-11-01;13580;157;169;160749;545847
2017-11-02;13551;157;169;160749;545847
2017-11-03;13498;157;169;160749;545847
2017-11-06;13525;157;169;160749;545847
2017-11-07;13514;157;169;160749;545847
2017-11-08;13517;157;169;160749;545847
2017-11-09;13515;157;169;160749;545847
2017-11-10;13533;157;169;160749;545847
2017-11-13;13552;157;169;160749;545847
2017-11-14;13554;157;169;160749;545847
2017-11-15;13535;157;169;160749;545847
2017-11-16;13542;157;169;160749;545847
2017-11-17;13528;157;169;160749;545847
2017-11-20;13535;157;169;160749;545847
2017-11-21;13534;157;169;160749;545847
2017-11-22;13526;157;169;160749;545847
2017-11-23;13513;157;169;160749;545847
2017-11-24;13503;157;169;160749;545847
2017-11-27;13519;157;169;160749;545847
2017-11-28;13509;157;169;160749;545847
2017-11-29;13503;157;169;160749;545847
2017-11-30;13526;157;169;160749;545847
2017-12-01;13526;157;169;160749;545847
2017-12-04;13526;157;169;160749;545847
2017-12-05;13519;157;169;160749;545847
2017-12-06;13539;157;169;160749;545847
2017-12-07;13554;157;169;160749;545847
2017-12-08;13548;157;169;160749;545847
2017-12-11;13553;157;169;160749;545847
2017-12-12;13569;157;169;160749;545847
2017-12-13;13585;157;169;160749;545847
2017-12-14;13578;157;169;160749;545847
2017-12-15;13579;157;169;160749;545847
2017-12-18;13582;157;169;160749;545847
2017-12-19;13577;157;169;160749;545847
2017-12-20;13578;157;169;160749;545847
2017-12-21;13558;157;169;160749;545847
2017-12-22;13561;157;169;160749;545847
2017-12-25;13561;157;169;160749;545847
2017-12-26;13561;157;169;160749;545847
2017-12-27;13561;157;169;160749;545847
2017-12-28;13562;157;169;160749;545847
2017-12-29;13568;157;169;160749;545847
2018-01-01;13568;189;180;171719;608906
2018-01-02;13518;189;180;171719;608906
2018-01-03;13478;189;180;171719;608906
2018-01-04;13424;189;180;171719;608906
2018-01-05;13416;189;180;171719;608906
2018-01-08;13427;189;180;171719;608906
2018-01-09;13438;189;180;171719;608906
2018-01-10;13437;189;180;171719;608906
2018-01-11;13400;189;180;171719;608906
2018-01-12;13354;189;180;171719;608906
2018-01-15;13335;189;180;171719;608906
2018-01-16;13338;189;180;171719;608906
2018-01-17;13358;189;180;171719;608906
2018-01-18;13346;189;180;171719;608906
2018-01-19;13314;189;180;171719;608906
2018-01-22;13348;189;180;171719;608906
2018-01-23;13325;189;180;171719;608906
2018-01-24;13314;189;180;171719;608906
2018-01-25;13289;189;180;171719;608906
2018-01-26;13307;189;180;171719;608906
2018-01-29;13364;189;180;171719;608906
2018-01-30;13433;189;180;171719;608906
2018-01-31;13389;189;180;171719;608906
2018-02-01;13427;189;180;171719;608906
2018-02-02;13452;189;180;171719;608906
2018-02-05;13525;189;180;171719;608906
2018-02-06;13553;189;180;171719;608906
2018-02-07;13553;189;180;171719;608906
2018-02-08;13605;189;180;171719;608906
2018-02-09;13628;189;180;171719;608906
2018-02-12;13658;189;180;171719;608906
2018-02-13;13658;189;180;171719;608906
2018-02-14;13629;189;180;171719;608906
2018-02-15;13559;189;180;171719;608906
2018-02-16;13559;189;180;171719;608906
2018-02-19;13561;189;180;171719;608906
2018-02-20;13613;189;180;171719;608906
2018-02-21;13619;189;180;171719;608906
2018-02-22;13683;189;180;171719;608906
2018-02-23;13668;189;180;171719;608906
2018-02-26;13660;189;180;171719;608906
2018-02-27;13675;189;180;171719;608906
2018-02-28;13745;189;180;171719;608906
2018-03-01;13748;189;180;171719;608906
2018-03-02;13758;189;180;171719;608906
2018-03-05;13763;189;180;171719;608906
2018-03-06;13775;189;180;171719;608906
2018-03-07;13766;189;180;171719;608906
2018-03-08;13785;189;180;171719;608906
2018-03-09;13781;189;180;171719;608906
2018-03-12;13770;189;180;171719;608906
2018-03-13;13751;189;180;171719;608906
2018-03-14;13737;189;180;171719;608906
2018-03-15;13748;189;180;171719;608906
2018-03-16;13749;189;180;171719;608906
2018-03-19;13765;189;180;171719;608906
2018-03-20;13750;189;180;171719;608906
2018-03-21;13763;189;180;171719;608906
2018-03-22;13753;189;180;171719;608906
2018-03-23;13783;189;180;171719;608906
2018-03-26;13740;189;180;171719;608906
2018-03-27;13742;189;180;171719;608906
2018-03-28;13763;189;180;171719;608906
2018-03-29;13765;189;180;171719;608906
2018-03-30;13765;189;180;171719;608906
2018-04-02;13754;189;180;171719;608906
2018-04-03;13765;189;180;171719;608906
2018-04-04;13767;189;180;171719;608906
2018-04-05;13767;189;180;171719;608906
2018-04-06;13774;189;180;171719;608906
2018-04-09;13765;189;180;171719;608906
2018-04-10;13749;189;180;171719;608906
2018-04-11;13759;189;180;171719;608906
2018-04-12;13770;189;180;171719;608906
2018-04-13;13753;189;180;171719;608906
2018-04-16;13775;189;180;171719;608906
2018-04-17;13766;189;180;171719;608906
2018-04-18;13775;189;180;171719;608906
2018-04-19;13781;189;180;171719;608906
2018-04-20;13878;189;180;171719;608906
2018-04-23;13895;189;180;171719;608906
2018-04-24;13888;189;180;171719;608906
2018-04-25;13920;189;180;171719;608906
2018-04-26;13888;189;180;171719;608906
2018-04-27;13890;189;180;171719;608906
2018-04-30;13913;189;180;171719;608906
2018-05-01;13913;189;180;171719;608906
2018-05-02;13945;189;180;171719;608906
2018-05-03;13938;189;180;171719;608906
2018-05-04;13940;189;180;171719;608906
2018-05-07;14000;189;180;171719;608906
2018-05-08;14050;189;180;171719;608906
2018-05-09;14080;189;180;171719;608906
2018-05-10;14080;189;180;171719;608906
2018-05-11;13950;189;180;171719;608906
2018-05-14;13970;189;180;171719;608906
2018-05-15;14037;189;180;171719;608906
2018-05-16;14093;189;180;171719;608906
2018-05-17;14052;189;180;171719;608906
2018-05-18;14153;189;180;171719;608906
2018-05-21;14185;189;180;171719;608906
2018-05-22;14138;189;180;171719;608906
2018-05-23;14207;189;180;171719;608906
2018-05-24;14135;189;180;171719;608906
2018-05-25;14120;189;180;171719;608906
2018-05-28;13990;189;180;171719;608906
2018-05-29;13990;189;180;171719;608906
2018-05-30;13990;189;180;171719;608906
2018-05-31;13895;189;180;171719;608906
2018-06-01;13895;189;180;171719;608906
2018-06-04;13872;189;180;171719;608906
2018-06-05;13879;189;180;171719;608906
2018-06-06;13853;189;180;171719;608906
2018-06-07;13870;189;180;171719;608906
2018-06-08;13930;189;180;171719;608906
2018-06-11;13930;189;180;171719;608906
2018-06-12;13930;189;180;171719;608906
2018-06-13;13930;189;180;171719;608906
2018-06-14;13930;189;180;171719;608906
2018-06-15;13930;189;180;171719;608906
2018-06-18;13930;189;180;171719;608906
2018-06-19;13930;189;180;171719;608906
2018-06-20;13930;189;180;171719;608906
2018-06-21;14103;189;180;171719;608906
2018-06-22;14080;189;180;171719;608906
2018-06-25;14155;189;180;171719;608906
2018-06-26;14178;189;180;171719;608906
2018-06-27;14178;189;180;171719;608906
2018-06-28;14390;189;180;171719;608906
2018-06-29;14330;189;180;171719;608906
2018-07-02;14380;189;180;171719;608906
2018-07-03;14380;189;180;171719;608906
2018-07-04;14352;189;180;171719;608906
2018-07-05;14385;189;180;171719;608906
2018-07-06;14370;189;180;171719;608906
2018-07-09;14325;189;180;171719;608906
2018-07-10;14360;189;180;171719;608906
2018-07-11;14385;189;180;171719;608906
2018-07-12;14380;189;180;171719;608906
2018-07-13;14380;189;180;171719;608906
2018-07-16;14375;189;180;171719;608906
2018-07-17;14370;189;180;171719;608906
2018-07-18;14405;189;180;171719;608906
2018-07-19;14475;189;180;171719;608906
2018-07-20;14480;189;180;171719;608906
2018-07-23;14490;189;180;171719;608906
2018-07-24;14530;189;180;171719;608906
2018-07-25;14460;189;180;171719;608906
2018-07-26;14460;189;180;171719;608906
2018-07-27;14418;189;180;171719;608906
2018-07-30;14410;189;180;171719;608906
2018-07-31;14420;189;180;171719;608906
2018-08-01;14440;189;180;171719;608906
2018-08-02;14475;189;180;171719;608906
2018-08-03;14493;189;180;171719;608906
2018-08-06;14470;189;180;171719;608906
2018-08-07;14440;189;180;171719;608906
2018-08-08;14435;189;180;171719;608906
2018-08-09;14410;189;180;171719;608906
2018-08-10;14475;189;180;171719;608906
2018-08-13;14595;189;180;171719;608906
2018-08-14;14580;189;180;171719;608906
2018-08-15;14600;189;180;171719;608906
2018-08-16;14610;189;180;171719;608906
2018-08-17;14610;189;180;171719;608906
2018-08-20;14590;189;180;171719;608906
2018-08-21;14580;189;180;171719;608906
2018-08-22;14580;189;180;171719;608906
2018-08-23;14630;189;180;171719;608906
2018-08-24;14642;189;180;171719;608906
2018-08-27;14620;189;180;171719;608906
2018-08-28;14622;189;180;171719;608906
2018-08-29;14655;189;180;171719;608906
2018-08-30;14690;189;180;171719;608906
2018-08-31;14730;189;180;171719;608906
2018-09-03;14815;189;180;171719;608906
2018-09-04;14935;189;180;171719;608906
2018-09-05;14935;189;180;171719;608906
2018-09-06;14890;189;180;171719;608906
2018-09-07;14820;189;180;171719;608906
2018-09-10;14857;189;180;171719;608906
2018-09-11;14857;189;180;171719;608906
2018-09-12;14825;189;180;171719;608906
2018-09-13;14840;189;180;171719;608906
2018-09-14;14805;189;180;171719;608906
2018-09-17;14878;189;180;171719;608906
2018-09-18;14855;189;180;171719;608906
2018-09-19;14875;189;180;171719;608906
2018-09-20;14845;189;180;171719;608906
2018-09-21;14819;189;180;171719;608906
2018-09-24;14868;189;180;171719;608906
2018-09-25;14920;189;180;171719;608906
2018-09-26;14905;189;180;171719;608906
2018-09-27;14917;189;180;171719;608906
2018-09-28;14902;189;180;171719;608906
2018-10-01;14910;189;180;171719;608906
2018-10-02;15045;189;180;171719;608906
2018-10-03;15075;189;180;171719;608906
2018-10-04;15170;189;180;171719;608906
2018-10-05;15180;189;180;171719;608906
2018-10-08;15218;189;180;171719;608906
2018-10-09;15230;189;180;171719;608906
2018-10-10;15203;189;180;171719;608906
2018-10-11;15235;189;180;171719;608906
2018-10-12;15205;189;180;171719;608906
2018-10-15;15210;189;180;171719;608906
2018-10-16;15200;189;180;171719;608906
2018-10-17;15155;189;180;171719;608906
2018-10-18;15194;189;180;171719;608906
2018-10-19;15188;189;180;171719;608906
2018-10-22;15185;189;180;171719;608906
2018-10-23;15190;189;180;171719;608906
2018-10-24;15197;189;180;171719;608906
2018-10-25;15188;189;180;171719;608906
2018-10-26;15217;189;180;171719;608906
2018-10-29;15220;189;180;171719;608906
2018-10-30;15223;189;180;171719;608906
2018-10-31;15203;189;180;171719;608906
2018-11-01;15128;189;180;171719;608906
2018-11-02;14953;189;180;171719;608906
2018-11-05;14976;189;180;171719;608906
2018-11-06;14803;189;180;171719;608906
2018-11-07;14580;189;180;171719;608906
2018-11-08;14540;189;180;171719;608906
2018-11-09;14685;189;180;171719;608906
2018-11-12;14815;189;180;171719;608906
2018-11-13;14810;189;180;171719;608906
2018-11-14;14787;189;180;171719;608906
2018-11-15;14678;189;180;171719;608906
2018-11-16;14612;189;180;171719;608906
2018-11-19;14590;189;180;171719;608906
2018-11-20;14590;189;180;171719;608906
2018-11-21;14605;189;180;171719;608906
2018-11-22;14578;189;180;171719;608906
2018-11-23;14540;189;180;171719;608906
2018-11-26;14475;189;180;171719;608906
2018-11-27;14514;189;180;171719;608906
2018-11-28;14528;189;180;171719;608906
2018-11-29;14383;189;180;171719;608906
2018-11-30;14303;189;180;171719;608906
2018-12-03;14240;189;180;171719;608906
2018-12-04;14290;189;180;171719;608906
2018-12-05;14395;189;180;171719;608906
2018-12-06;14520;189;180;171719;608906
2018-12-07;14470;189;180;171719;608906
2018-12-10;14555;189;180;171719;608906
2018-12-11;14600;189;180;171719;608906
2018-12-12;14598;189;180;171719;608906
2018-12-13;14498;189;180;171719;608906
2018-12-14;14585;189;180;171719;608906
2018-12-17;14575;189;180;171719;608906
2018-12-18;14500;189;180;171719;608906
2018-12-19;14443;189;180;171719;608906
2018-12-20;14470;189;180;171719;608906
2018-12-21;14555;189;180;171719;608906
2018-12-24;14555;189;180;171719;608906
2018-12-25;14555;189;180;171719;608906
2018-12-26;14575;189;180;171719;608906
2018-12-27;14560;189;180;171719;608906
2018-12-28;14560;189;180;171719;608906
2018-12-31;14380;189;180;171719;608906
2019-01-01;14380;171;168;162629;654474
2019-01-02;14450;171;168;162629;654474
2019-01-03;14410;171;168;162629;654474
2019-01-04;14270;171;168;162629;654474
2019-01-07;14090;171;168;162629;654474
2019-01-08;14145;171;168;162629;654474
2019-01-09;14125;171;168;162629;654474
2019-01-10;14055;171;168;162629;654474
2019-01-11;14045;171;168;162629;654474
2019-01-14;14124;171;168;162629;654474
2019-01-15;14093;171;168;162629;654474
2019-01-16;14123;171;168;162629;654474
2019-01-17;14180;171;168;162629;654474
2019-01-18;14175;171;168;162629;654474
2019-01-21;14223;171;168;162629;654474
2019-01-22;14215;171;168;162629;654474
2019-01-23;14180;171;168;162629;654474
2019-01-24;14165;171;168;162629;654474
2019-01-25;14085;171;168;162629;654474
2019-01-28;14070;171;168;162629;654474
2019-01-29;14095;171;168;162629;654474
2019-01-30;14130;171;168;162629;654474
2019-01-31;13973;171;168;162629;654474
2019-02-01;13940;171;168;162629;654474
2019-02-04;13955;171;168;162629;654474
2019-02-05;13955;171;168;162629;654474
2019-02-06;13922;171;168;162629;654474
2019-02-07;13973;171;168;162629;654474
2019-02-08;13965;171;168;162629;654474
2019-02-11;14040;171;168;162629;654474
2019-02-12;14069;171;168;162629;654474
2019-02-13;14058;171;168;162629;654474
2019-02-14;14090;171;168;162629;654474
2019-02-15;14143;171;168;162629;654474
2019-02-18;14107;171;168;162629;654474
2019-02-19;14102;171;168;162629;654474
2019-02-20;14040;171;168;162629;654474
2019-02-21;14063;171;168;162629;654474
2019-02-22;14058;171;168;162629;654474
2019-02-25;14018;171;168;162629;654474
2019-02-26;13991;171;168;162629;654474
2019-02-27;14030;171;168;162629;654474
2019-02-28;14065;171;168;162629;654474
2019-03-01;14115;171;168;162629;654474
2019-03-04;14130;171;168;162629;654474
2019-03-05;14120;171;168;162629;654474
2019-03-06;14140;171;168;162629;654474
2019-03-07;14140;171;168;162629;654474
2019-03-08;14310;171;168;162629;654474
2019-03-11;14290;171;168;162629;654474
2019-03-12;14265;171;168;162629;654474
2019-03-13;14265;171;168;162629;654474
2019-03-14;14267;171;168;162629;654474
2019-03-15;14259;171;168;162629;654474
2019-03-18;14238;171;168;162629;654474
2019-03-19;14230;171;168;162629;654474
2019-03-20;14185;171;168;162629;654474
2019-03-21;14140;171;168;162629;654474
2019-03-22;14165;171;168;162629;654474
2019-03-25;14180;171;168;162629;654474
2019-03-26;14170;171;168;162629;654474
2019-03-27;14195;171;168;162629;654474
2019-03-28;14242;171;168;162629;654474
2019-03-29;14240;171;168;162629;654474
2019-04-01;14225;171;168;162629;654474
2019-04-02;14220;171;168;162629;654474
2019-04-03;14220;171;168;162629;654474
2019-04-04;14180;171;168;162629;654474
2019-04-05;14125;171;168;162629;654474
2019-04-08;14163;171;168;162629;654474
2019-04-09;14133;171;168;162629;654474
2019-04-10;14150;171;168;162629;654474
2019-04-11;14135;171;168;162629;654474
2019-04-12;14093;171;168;162629;654474
2019-04-15;14060;171;168;162629;654474
2019-04-16;14085;171;168;162629;654474
2019-04-17;14085;171;168;162629;654474
2019-04-18;14043;171;168;162629;654474
2019-04-19;14043;171;168;162629;654474
2019-04-22;14075;171;168;162629;654474
2019-04-23;14075;171;168;162629;654474
2019-04-24;14095;171;168;162629;654474
2019-04-25;14185;171;168;162629;654474
2019-04-26;14188;171;168;162629;654474
2019-04-29;14200;171;168;162629;654474
2019-04-30;14250;171;168;162629;654474
2019-05-01;14250;171;168;162629;654474
2019-05-02;14250;171;168;162629;654474
2019-05-03;14255;171;168;162629;654474
2019-05-06;14293;171;168;162629;654474
2019-05-07;14280;171;168;162629;654474
2019-05-08;14295;171;168;162629;654474
2019-05-09;14350;171;168;162629;654474
2019-05-10;14325;171;168;162629;654474
2019-05-13;14415;171;168;162629;654474
2019-05-14;14430;171;168;162629;654474
2019-05-15;14460;171;168;162629;654474
2019-05-16;14450;171;168;162629;654474
2019-05-17;14450;171;168;162629;654474
2019-05-20;14455;171;168;162629;654474
2019-05-21;14480;171;168;162629;654474
2019-05-22;14525;171;168;162629;654474
2019-05-23;14460;171;168;162629;654474
2019-05-24;14393;171;168;162629;654474
2019-05-27;14380;171;168;162629;654474
2019-05-28;14375;171;168;162629;654474
2019-05-29;14400;171;168;162629;654474
2019-05-30;14400;171;168;162629;654474
2019-05-31;14275;171;168;162629;654474
2019-06-03;14275;171;168;162629;654474
2019-06-04;14275;171;168;162629;654474
2019-06-05;14275;171;168;162629;654474
2019-06-06;14275;171;168;162629;654474
2019-06-07;14275;171;168;162629;654474
2019-06-10;14250;171;168;162629;654474
2019-06-11;14238;171;168;162629;654474
2019-06-12;14235;171;168;162629;654474
2019-06-13;14280;171;168;162629;654474
2019-06-14;14325;171;168;162629;654474
2019-06-17;14335;171;168;162629;654474
2019-06-18;14323;171;168;162629;654474
2019-06-19;14270;171;168;162629;654474
2019-06-20;14183;171;168;162629;654474
2019-06-21;14155;171;168;162629;654474
2019-06-24;14140;171;168;162629;654474
2019-06-25;14125;171;168;162629;654474
2019-06-26;14175;171;168;162629;654474
2019-06-27;14140;171;168;162629;654474
2019-06-28;14128;171;168;162629;654474
2019-07-01;14113;171;168;162629;654474
2019-07-02;14138;171;168;162629;654474
2019-07-03;14118;171;168;162629;654474
2019-07-04;14140;171;168;162629;654474
2019-07-05;14083;171;168;162629;654474
2019-07-08;14110;171;168;162629;654474
2019-07-09;14130;171;168;162629;654474
2019-07-10;14130;171;168;162629;654474
2019-07-11;14065;171;168;162629;654474
2019-07-12;14007;171;168;162629;654474
2019-07-15;13920;171;168;162629;654474
2019-07-16;13935;171;168;162629;654474
2019-07-17;13980;171;168;162629;654474
2019-07-18;13960;171;168;162629;654474
2019-07-19;13935;171;168;162629;654474
2019-07-22;13945;171;168;162629;654474
2019-07-23;13984;171;168;162629;654474
2019-07-24;13993;171;168;162629;654474
2019-07-25;13978;171;168;162629;654474
2019-07-26;14004;171;168;162629;654474
2019-07-29;14020;171;168;162629;654474
2019-07-30;14020;171;168;162629;654474
2019-07-31;14017;171;168;162629;654474
2019-08-01;14116;171;168;162629;654474
2019-08-02;14180;171;168;162629;654474
2019-08-05;14255;171;168;162629;654474
2019-08-06;14265;171;168;162629;654474
2019-08-07;14223;171;168;162629;654474
2019-08-08;14208;171;168;162629;654474
2019-08-09;14190;171;168;162629;654474
2019-08-12;14248;171;168;162629;654474
2019-08-13;14318;171;168;162629;654474
2019-08-14;14245;171;168;162629;654474
2019-08-15;14268;171;168;162629;654474
2019-08-16;14235;171;168;162629;654474
2019-08-19;14235;171;168;162629;654474
2019-08-20;14260;171;168;162629;654474
2019-08-21;14240;171;168;162629;654474
2019-08-22;14235;171;168;162629;654474
2019-08-23;14213;171;168;162629;654474
2019-08-26;14240;171;168;162629;654474
2019-08-27;14255;171;168;162629;654474
2019-08-28;14255;171;168;162629;654474
2019-08-29;14238;171;168;162629;654474
2019-08-30;14185;171;168;162629;654474
2019-09-02;14194;171;168;162629;654474
2019-09-03;14225;171;168;162629;654474
2019-09-04;14153;171;168;162629;654474
2019-09-05;14150;171;168;162629;654474
2019-09-06;14095;171;168;162629;654474
2019-09-09;14031;171;168;162629;654474
2019-09-10;14050;171;168;162629;654474
2019-09-11;14060;171;168;162629;654474
2019-09-12;13990;171;168;162629;654474
2019-09-13;13965;171;168;162629;654474
2019-09-16;14040;171;168;162629;654474
2019-09-17;14095;171;168;162629;654474
2019-09-18;14060;171;168;162629;654474
2019-09-19;14060;171;168;162629;654474
2019-09-20;14055;171;168;162629;654474
2019-09-23;14085;171;168;162629;654474
2019-09-24;14113;171;168;162629;654474
2019-09-25;14150;171;168;162629;654474
2019-09-26;14178;171;168;162629;654474
2019-09-27;14165;171;168;162629;654474
2019-09-30;14195;171;168;162629;654474
2019-10-01;14213;171;168;162629;654474
2019-10-02;14195;171;168;162629;654474
2019-10-03;14173;171;168;162629;654474
2019-10-04;14135;171;168;162629;654474
2019-10-07;14163;171;168;162629;654474
2019-10-08;14155;171;168;162629;654474
2019-10-09;14170;171;168;162629;654474
2019-10-10;14152;171;168;162629;654474
2019-10-11;14128;171;168;162629;654474
2019-10-14;14139;171;168;162629;654474
2019-10-15;14165;171;168;162629;654474
2019-10-16;14169;171;168;162629;654474
2019-10-17;14148;171;168;162629;654474
2019-10-18;14145;171;168;162629;654474
2019-10-21;14078;171;168;162629;654474
2019-10-22;14040;171;168;162629;654474
2019-10-23;14029;171;168;162629;654474
2019-10-24;14059;171;168;162629;654474
2019-10-25;14035;171;168;162629;654474
2019-10-28;14025;171;168;162629;654474
2019-10-29;14025;171;168;162629;654474
2019-10-30;14027;171;168;162629;654474
2019-10-31;14037;171;168;162629;654474
2019-11-01;14035;171;168;162629;654474
2019-11-04;14015;171;168;162629;654474
2019-11-05;13968;171;168;162629;654474
2019-11-06;14015;171;168;162629;654474
2019-11-07;13995;171;168;162629;654474
2019-11-08;14014;171;168;162629;654474
2019-11-11;14063;171;168;162629;654474
2019-11-12;14055;171;168;162629;654474
2019-11-13;14081;171;168;162629;654474
2019-11-14;14085;171;168;162629;654474
2019-11-15;14073;171;168;162629;654474
2019-11-18;14077;171;168;162629;654474
2019-11-19;14090;171;168;162629;654474
2019-11-20;14095;171;168;162629;654474
2019-11-21;14088;171;168;162629;654474
2019-11-22;14085;171;168;162629;654474
2019-11-25;14075;171;168;162629;654474
2019-11-26;14085;171;168;162629;654474
2019-11-27;14095;171;168;162629;654474
2019-11-28;14090;171;168;162629;654474
2019-11-29;14105;171;168;162629;654474
2019-12-02;14125;171;168;162629;654474
2019-12-03;14105;171;168;162629;654474
2019-12-04;14105;171;168;162629;654474
2019-12-05;14065;171;168;162629;654474
2019-12-06;14038;171;168;162629;654474
2019-12-09;14015;171;168;162629;654474
2019-12-10;14010;171;168;162629;654474
2019-12-11;14035;171;168;162629;654474
2019-12-12;14025;171;168;162629;654474
2019-12-13;13985;171;168;162629;654474
2019-12-16;14005;171;168;162629;654474
2019-12-17;13990;171;168;162629;654474
2019-12-18;13975;171;168;162629;654474
2019-12-19;13985;171;168;162629;654474
2019-12-20;13978;171;168;162629;654474
2019-12-23;13968;171;168;162629;654474
2019-12-24;13968;171;168;162629;654474
2019-12-25;13968;171;168;162629;654474
2019-12-26;13955;171;168;162629;654474
2019-12-27;13950;171;168;162629;654474
2019-12-30;13925;171;168;162629;654474
2019-12-31;13883;171;168;162629;654474
2020-01-01;13883;142;163;151880;579678
2020-01-02;13889;142;163;151880;579678
2020-01-03;13925;142;163;151880;579678
2020-01-06;13940;142;163;151880;579678
2020-01-07;13875;142;163;151880;579678
2020-01-08;13893;142;163;151880;579678
2020-01-09;13850;142;163;151880;579678
2020-01-10;13763;142;163;151880;579678
2020-01-13;13668;142;163;151880;579678
2020-01-14;13670;142;163;151880;579678
2020-01-15;13665;142;163;151880;579678
2020-01-16;13630;142;163;151880;579678
2020-01-17;13638;142;163;151880;579678
2020-01-20;13633;142;163;151880;579678
2020-01-21;13658;142;163;151880;579678
2020-01-22;13645;142;163;151880;579678
2020-01-23;13630;142;163;151880;579678
2020-01-24;13572;142;163;151880;579678
2020-01-27;13605;142;163;151880;579678
2020-01-28;13637;142;163;151880;579678
2020-01-29;13627;142;163;151880;579678
2020-01-30;13645;142;163;151880;579678
2020-01-31;13655;142;163;151880;579678
2020-02-03;13742;142;163;151880;579678
2020-02-04;13710;142;163;151880;579678
2020-02-05;13675;142;163;151880;579678
2020-02-06;13620;142;163;151880;579678
2020-02-07;13675;142;163;151880;579678
2020-02-10;13695;142;163;151880;579678
2020-02-11;13665;142;163;151880;579678
2020-02-12;13660;142;163;151880;579678
2020-02-13;13680;142;163;151880;579678
2020-02-14;13675;142;163;151880;579678
2020-02-17;13652;142;163;151880;579678
2020-02-18;13665;142;163;151880;579678
2020-02-19;13687;142;163;151880;579678
2020-02-20;13707;142;163;151880;579678
2020-02-21;13765;142;163;151880;579678
2020-02-24;13870;142;163;151880;579678
2020-02-25;13882;142;163;151880;579678
2020-02-26;13932;142;163;151880;579678
2020-02-27;14035;142;163;151880;579678
2020-02-28;14347;142;163;151880;579678
2020-03-02;14265;142;163;151880;579678
2020-03-03;14281;142;163;151880;579678
2020-03-04;14115;142;163;151880;579678
2020-03-05;14170;142;163;151880;579678
2020-03-06;14230;142;163;151880;579678
2020-03-09;14392;142;163;151880;579678
2020-03-10;14346;142;163;151880;579678
2020-03-11;14352;142;163;151880;579678
2020-03-12;14521;142;163;151880;579678
2020-03-13;14770;142;163;151880;579678
2020-03-16;14925;142;163;151880;579678
2020-03-17;15170;142;163;151880;579678
2020-03-18;15217;142;163;151880;579678
2020-03-19;15912;142;163;151880;579678
2020-03-20;15925;142;163;151880;579678
2020-03-23;16575;142;163;151880;579678
2020-03-24;16500;142;163;151880;579678
2020-03-26;16305;142;163;151880;579678
2020-03-27;16140;142;163;151880;579678
2020-03-30;16337;142;163;151880;579678
2020-03-31;16310;142;163;151880;579678
2020-04-01;16450;142;163;151880;579678
2020-04-02;16475;142;163;151880;579678
2020-04-03;16425;142;163;151880;579678
2020-04-06;16412;142;163;151880;579678
2020-04-07;16175;142;163;151880;579678
2020-04-08;16175;142;163;151880;579678
2020-04-09;15820;142;163;151880;579678
2020-04-13;15630;142;163;151880;579678
2020-04-14;15630;142;163;151880;579678
2020-04-15;15565;142;163;151880;579678
2020-04-16;15640;142;163;151880;579678
2020-04-17;15430;142;163;151880;579678
2020-04-20;15412;142;163;151880;579678
2020-04-21;15455;142;163;151880;579678
2020-04-22;15450;142;163;151880;579678
2020-04-23;15400;142;163;151880;579678
2020-04-24;15400;142;163;151880;579678
2020-04-27;15385;142;163;151880;579678
2020-04-28;15422;142;163;151880;579678
2020-04-29;15295;142;163;151880;579678
2020-04-30;14875;142;163;151880;579678
2020-05-04;15100;142;163;151880;579678
2020-05-05;15080;142;163;151880;579678
2020-05-06;15045;142;163;151880;579678
2020-05-08;14920;142;163;151880;579678
2020-05-11;14895;142;163;151880;579678
2020-05-12;14905;142;163;151880;579678
2020-05-13;14865;142;163;151880;579678
2020-05-14;14885;142;163;151880;579678
2020-05-15;14860;142;163;151880;579678
2020-05-18;14850;142;163;151880;579678
2020-05-19;14770;142;163;151880;579678
2020-05-20;14710;142;163;151880;579678
2020-05-26;14755;142;163;151880;579678
2020-05-27;14710;142;163;151880;579678
2020-05-28;14715;142;163;151880;579678
2020-05-29;14610;142;163;151880;579678
2020-06-02;14415;142;163;151880;579678
2020-06-03;14095;142;163;151880;579678
2020-06-04;14095;142;163;151880;579678
2020-06-05;13870;142;163;151880;579678
2020-06-08;13885;142;163;151880;579678
2020-06-09;13890;142;163;151880;579678
2020-06-10;13980;142;163;151880;579678
2020-06-11;14015;142;163;151880;579678
2020-06-12;14125;142;163;151880;579678
2020-06-15;14115;142;163;151880;579678
2020-06-16;14090;142;163;151880;579678
2020-06-17;14082;142;163;151880;579678
2020-06-18;14085;142;163;151880;579678
2020-06-19;14100;142;163;151880;579678
2020-06-22;14185;142;163;151880;579678
2020-06-23;14160;142;163;151880;579678
2020-06-24;14130;142;163;151880;579678
2020-06-25;14175;142;163;151880;579678
2020-06-26;14220;142;163;151880;579678
2020-06-29;14245;142;163;151880;579678
2020-06-30;14255;142;163;151880;579678
2020-07-01;14265;142;163;151880;579678
2020-07-02;14378;142;163;151880;579678
2020-07-03;14510;142;163;151880;579678
2020-07-06;14490;142;163;151880;579678
2020-07-07;14440;142;163;151880;579678
2020-07-08;14410;142;163;151880;579678
2020-07-09;14395;142;163;151880;579678
2020-07-10;14435;142;163;151880;579678
2020-07-13;14425;142;163;151880;579678
2020-07-14;14450;142;163;151880;579678
2020-07-15;14587;142;163;151880;579678
2020-07-16;14625;142;163;151880;579678
2020-07-17;14695;142;163;151880;579678
2020-07-20;14785;142;163;151880;579678
2020-07-21;14738;142;163;151880;579678
2020-07-22;14650;142;163;151880;579678
2020-07-23;14580;142;163;151880;579678
2020-07-24;14610;142;163;151880;579678
2020-07-27;14520;142;163;151880;579678
2020-07-28;14535;142;163;151880;579678
2020-07-29;14535;142;163;151880;579678
2020-07-30;14600;142;163;151880;579678
2020-08-03;14630;142;163;151880;579678
2020-08-04;14620;142;163;151880;579678
2020-08-05;14550;142;163;151880;579678
2020-08-06;14585;142;163;151880;579678
2020-08-07;14580;142;163;151880;579678
2020-08-10;14590;142;163;151880;579678
2020-08-11;14620;142;163;151880;579678
2020-08-12;14685;142;163;151880;579678
2020-08-13;14700;142;163;151880;579678
2020-08-14;14720;142;163;151880;579678
2020-08-18;14830;142;163;151880;579678
2020-08-19;14770;142;163;151880;579678
2020-08-24;14670;142;163;151880;579678
2020-08-25;14640;142;163;151880;579678
2020-08-26;14670;142;163;151880;579678
2020-08-27;14650;142;163;151880;579678
2020-08-28;14615;142;163;151880;579678
2020-08-31;14560;142;163;151880;579678
2020-09-01;14565;142;163;151880;579678
2020-09-02;14740;142;163;151880;579678
2020-09-03;14760;142;163;151880;579678
2020-09-04;14740;142;163;151880;579678
2020-09-07;14730;142;163;151880;579678
2020-09-08;14760;142;163;151880;579678
2020-09-09;14780;142;163;151880;579678
2020-09-10;14820;142;163;151880;579678
2020-09-11;14860;142;163;151880;579678
2020-09-14;14860;142;163;151880;579678
2020-09-15;14835;142;163;151880;579678
2020-09-16;14825;142;163;151880;579678
2020-09-17;14820;142;163;151880;579678
2020-09-18;14730;142;163;151880;579678
2020-09-21;14690;142;163;151880;579678
2020-09-22;14750;142;163;151880;579678
2020-09-23;14780;142;163;151880;579678
2020-09-24;14845;142;163;151880;579678
2020-09-25;14845;142;163;151880;579678
2020-09-28;14850;142;163;151880;579678
2020-09-29;14845;142;163;151880;579678
2020-09-30;14840;142;163;151880;579678
2020-10-01;14820;142;163;151880;579678
2020-10-02;14830;142;163;151880;579678
2020-10-05;14790;142;163;151880;579678
2020-10-06;14710;142;163;151880;579678
2020-10-07;14690;142;163;151880;579678
2020-10-08;14685;142;163;151880;579678
2020-10-09;14675;142;163;151880;579678
2020-10-12;14680;142;163;151880;579678
2020-10-13;14680;142;163;151880;579678
2020-10-14;14680;142;163;151880;579678
2020-10-15;14660;142;163;151880;579678
2020-10-16;14670;142;163;151880;579678
2020-10-19;14670;142;163;151880;579678
2020-10-20;14650;142;163;151880;579678
2020-10-21;14610;142;163;151880;579678
2020-10-22;14640;142;163;151880;579678
2020-10-23;14650;142;163;151880;579678
2020-10-26;14630;142;163;151880;579678
2020-10-27;14620;142;163;151880;579678
2020-11-02;14625;142;163;151880;579678
2020-11-03;14570;142;163;151880;579678
2020-11-04;14540;142;163;151880;579678
2020-11-05;14370;142;163;151880;579678
2020-11-06;14190;142;163;151880;579678
2020-11-09;14050;142;163;151880;579678
2020-11-10;14040;142;163;151880;579678
2020-11-11;14070;142;163;151880;579678
2020-11-12;14140;142;163;151880;579678
2020-11-13;14150;142;163;151880;579678
2020-11-16;14100;142;163;151880;579678
2020-11-17;14030;142;163;151880;579678
2020-11-18;14050;142;163;151880;579678
2020-11-19;14140;142;163;151880;579678
2020-11-20;14150;142;163;151880;579678
2020-11-23;14130;142;163;151880;579678
2020-11-24;14140;142;163;151880;579678
2020-11-25;14130;142;163;151880;579678
2020-11-26;14090;142;163;151880;579678
2020-11-27;14070;142;163;151880;579678
2020-11-30;14090;142;163;151880;579678
2020-12-01;14100;142;163;151880;579678
2020-12-02;14090;142;163;151880;579678
2020-12-03;14100;142;163;151880;579678
2020-12-04;14085;142;163;151880;579678
2020-12-07;14080;142;163;151880;579678
2020-12-08;14080;142;163;151880;579678
2020-12-10;14090;142;163;151880;579678
2020-12-11;14070;142;163;151880;579678
2020-12-14;14070;142;163;151880;579678
2020-12-15;14090;142;163;151880;579678
2020-12-16;14090;142;163;151880;579678
2020-12-17;14085;142;163;151880;579678
2020-12-18;14080;142;163;151880;579678
2020-12-21;14100;142;163;151880;579678
2020-12-22;14145;142;163;151880;579678
2020-12-23;14150;142;163;151880;579678
2020-12-28;14140;142;163;151880;579678
2020-12-29;14110;142;163;151880;579678
2020-12-30;14040;142;163;151880;579678
2021-01-01;14213;196;232;178287;621668
2021-01-04;13885;196;232;178287;621668
2021-01-05;13900;196;232;178287;621668
2021-01-06;13880;196;232;178287;621668
2021-01-07;13890;196;232;178287;621668
2021-01-08;13980;196;232;178287;621668
2021-01-11;14080;196;232;178287;621668
2021-01-12;14120;196;232;178287;621668
2021-01-13;14055;196;232;178287;621668
2021-01-14;14050;196;232;178287;621668
2021-01-15;14010;196;232;178287;621668
2021-01-18;14060;196;232;178287;621668
2021-01-19;14050;196;232;178287;621668
2021-01-20;14020;196;232;178287;621668
2021-01-21;13980;196;232;178287;621668
2021-01-22;14020;196;232;178287;621668
2021-01-25;14010;196;232;178287;621668
2021-01-26;14040;196;232;178287;621668
2021-01-27;14035;196;232;178287;621668
2021-01-28;14050;196;232;178287;621668
2021-01-29;14020;196;232;178287;621668
2021-02-01;14010;196;232;178287;621668
2021-02-02;14020;196;232;178287;621668
2021-02-03;14000;196;232;178287;621668
2021-02-04;14010;196;232;178287;621668
2021-02-05;14020;196;232;178287;621668
2021-02-08;13995;196;232;178287;621668
2021-02-09;13990;196;232;178287;621668
2021-02-10;13980;196;232;178287;621668
2021-02-11;13970;196;232;178287;621668
2021-02-15;13910;196;232;178287;621668
2021-02-16;13920;196;232;178287;621668
2021-02-17;14010;196;232;178287;621668
2021-02-18;14010;196;232;178287;621668
2021-02-19;14060;196;232;178287;621668
2021-02-22;14110;196;232;178287;621668
2021-02-23;14090;196;232;178287;621668
2021-02-24;14080;196;232;178287;621668
2021-02-25;14080;196;232;178287;621668
2021-02-26;14240;196;232;178287;621668
2021-03-01;14250;196;232;178287;621668
2021-03-02;14300;196;232;178287;621668
2021-03-03;14240;196;232;178287;621668
2021-03-04;14260;196;232;178287;621668
2021-03-05;14290;196;232;178287;621668
2021-03-08;14350;196;232;178287;621668
2021-03-09;14390;196;232;178287;621668
2021-03-10;14395;196;232;178287;621668
2021-03-12;14380;196;232;178287;621668
2021-03-15;14395;196;232;178287;621668
2021-03-16;14400;196;232;178287;621668
2021-03-17;14425;196;232;178287;621668
2021-03-18;14390;196;232;178287;621668
2021-03-19;14400;196;232;178287;621668
2021-03-22;14400;196;232;178287;621668
2021-03-23;14390;196;232;178287;621668
2021-03-24;14420;196;232;178287;621668
2021-03-25;14420;196;232;178287;621668
2021-03-26;14410;196;232;178287;621668
2021-03-29;14440;196;232;178287;621668
2021-03-30;14470;196;232;178287;621668
2021-03-31;14520;196;232;178287;621668
2021-04-01;14520;196;232;178287;621668
2021-04-05;14510;196;232;178287;621668
2021-04-06;14500;196;232;178287;621668
2021-04-07;14490;196;232;178287;621668
2021-04-08;14530;196;232;178287;621668
2021-04-09;14560;196;232;178287;621668
2021-04-12;14590;196;232;178287;621668
2021-04-13;14600;196;232;178287;621668
2021-04-14;14600;196;232;178287;621668
2021-04-15;14600;196;232;178287;621668
2021-04-16;14560;196;232;178287;621668
2021-04-19;14545;196;232;178287;621668
2021-04-20;14495;196;232;178287;621668
2021-04-21;14525;196;232;178287;621668
2021-04-22;14515;196;232;178287;621668
2021-04-23;14520;196;232;178287;621668
2021-04-26;14480;196;232;178287;621668
2021-04-27;14480;196;232;178287;621668
2021-04-28;14495;196;232;178287;621668
2021-04-29;14445;196;232;178287;621668
2021-04-30;14440;196;232;178287;621668
2021-05-03;14445;196;232;178287;621668
2021-05-04;14425;196;232;178287;621668
2021-05-05;14430;196;232;178287;621668
2021-05-06;14315;196;232;178287;621668
2021-05-07;14280;196;232;178287;621668
2021-05-10;14195;196;232;178287;621668
2021-05-11;14195;196;232;178287;621668
2021-05-17;14280;196;232;178287;621668
2021-05-18;14270;196;232;178287;621668
2021-05-19;14275;196;232;178287;621668
2021-05-20;14370;196;232;178287;621668
2021-05-21;14350;196;232;178287;621668
2021-05-24;14350;196;232;178287;621668
2021-05-25;14325;196;232;178287;621668
2021-05-27;14285;196;232;178287;621668
2021-05-28;14280;196;232;178287;621668
2021-05-31;14275;196;232;178287;621668
2021-06-02;14275;196;232;178287;621668
2021-06-03;14280;196;232;178287;621668
2021-06-04;14290;196;232;178287;621668
2021-06-07;14260;196;232;178287;621668
2021-06-08;14250;196;232;178287;621668
2021-06-09;14250;196;232;178287;621668
2021-06-10;14245;196;232;178287;621668
2021-06-11;14188;196;232;178287;621668
2021-06-14;14200;196;232;178287;621668
2021-06-15;14220;196;232;178287;621668
2021-06-16;14235;196;232;178287;621668
2021-06-17;14350;196;232;178287;621668
2021-06-18;14370;196;232;178287;621668
2021-06-21;14425;196;232;178287;621668
2021-06-22;14400;196;232;178287;621668
2021-06-23;14430;196;232;178287;621668
2021-06-24;14435;196;232;178287;621668
2021-06-25;14420;196;232;178287;621668
2021-06-28;14440;196;232;178287;621668
2021-06-29;14480;196;232;178287;621668
2021-06-30;14495;196;232;178287;621668
2021-07-01;14500;196;232;178287;621668
2021-07-02;14530;196;232;178287;621668
2021-07-05;14476;196;232;178287;621668
2021-07-06;14465;196;232;178287;621668
2021-07-07;14480;196;232;178287;621668
2021-07-08;14520;196;232;178287;621668
2021-07-09;14525;196;232;178287;621668
2021-07-12;14490;196;232;178287;621668
2021-07-13;14462;196;232;178287;621668
2021-07-14;14475;196;232;178287;621668
2021-07-15;14480;196;232;178287;621668
2021-07-16;14495;196;232;178287;621668
2021-07-19;14515;196;232;178287;621668
2021-07-21;14540;196;232;178287;621668
2021-07-22;14480;196;232;178287;621668
2021-07-23;14490;196;232;178287;621668
2021-07-26;14480;196;232;178287;621668
2021-07-27;14490;196;232;178287;621668
2021-07-28;14485;196;232;178287;621668
2021-07-29;14480;196;232;178287;621668
2021-07-30;14460;196;232;178287;621668
2021-08-02;14420;196;232;178287;621668
2021-08-03;14340;196;232;178287;621668
2021-08-04;14310;196;232;178287;621668
2021-08-05;14340;196;232;178287;621668
2021-08-06;14350;196;232;178287;621668
2021-08-09;14360;196;232;178287;621668
2021-08-10;14380;196;232;178287;621668
2021-08-12;14380;196;232;178287;621668
2021-08-13;14385;196;232;178287;621668
2021-08-16;14370;196;232;178287;621668
2021-08-18;14370;196;232;178287;621668
2021-08-19;14400;196;232;178287;621668
2021-08-20;14450;196;232;178287;621668
2021-08-23;14410;196;232;178287;621668
2021-08-24;14390;196;232;178287;621668
2021-08-25;14395;196;232;178287;621668
2021-08-26;14415;196;232;178287;621668
2021-08-27;14415;196;232;178287;621668
2021-08-30;14368;196;232;178287;621668
2021-08-31;14265;196;232;178287;621668
2021-09-01;14280;196;232;178287;621668
2021-09-02;14270;196;232;178287;621668
2021-09-03;14260;196;232;178287;621668
2021-09-06;14220;196;232;178287;621668
2021-09-07;14210;196;232;178287;621668
2021-09-08;14250;196;232;178287;621668
2021-09-09;14250;196;232;178287;621668
2021-09-10;14200;196;232;178287;621668
2021-09-13;14250;196;232;178287;621668
2021-09-14;14245;196;232;178287;621668
2021-09-15;14240;196;232;178287;621668
2021-09-16;14250;196;232;178287;621668
2021-09-17;14225;196;232;178287;621668
2021-09-20;14240;196;232;178287;621668
2021-09-21;14235;196;232;178287;621668
2021-09-22;14240;196;232;178287;621668
2021-09-23;14240;196;232;178287;621668
2021-09-24;14255;196;232;178287;621668
2021-09-27;14250;196;232;178287;621668
2021-09-28;14270;196;232;178287;621668
2021-09-29;14290;196;232;178287;621668
2021-09-30;14310;196;232;178287;621668
2021-10-01;14305;196;232;178287;621668
2021-10-04;14265;196;232;178287;621668
2021-10-05;14248;196;232;178287;621668
2021-10-06;14250;196;232;178287;621668
2021-10-07;14215;196;232;178287;621668
2021-10-08;14220;196;232;178287;621668
2021-10-11;14205;196;232;178287;621668
2021-10-12;14215;196;232;178287;621668
2021-10-13;14215;196;232;178287;621668
2021-10-14;14115;196;232;178287;621668
2021-10-15;14070;196;232;178287;621668
2021-10-18;14105;196;232;178287;621668
2021-10-19;14073;196;232;178287;621668
2021-10-21;14120;196;232;178287;621668
2021-10-22;14120;196;232;178287;621668
2021-10-25;14155;196;232;178287;621668
2021-10-26;14150;196;232;178287;621668
2021-10-27;14170;196;232;178287;621668
2021-10-28;14170;196;232;178287;621668
2021-10-29;14165;196;232;178287;621668
2021-11-01;14245;196;232;178287;621668
2021-11-02;14250;196;232;178287;621668
2021-11-03;14295;196;232;178287;621668
2021-11-04;14335;196;232;178287;621668
2021-11-05;14325;196;232;178287;621668
2021-11-08;14255;196;232;178287;621668
2021-11-09;14240;196;232;178287;621668
2021-11-10;14250;196;232;178287;621668
2021-11-11;14260;196;232;178287;621668
2021-11-12;14233;196;232;178287;621668
2021-11-15;14210;196;232;178287;621668
2021-11-16;14220;196;232;178287;621668
2021-11-17;14240;196;232;178287;621668
2021-11-18;14225;196;232;178287;621668
2021-11-19;14235;196;232;178287;621668
2021-11-22;14245;196;232;178287;621668
2021-11-23;14255;196;232;178287;621668
2021-11-24;14255;196;232;178287;621668
2021-11-25;14265;196;232;178287;621668
2021-11-26;14300;196;232;178287;621668
2021-11-29;14320;196;232;178287;621668
2021-11-30;14320;196;232;178287;621668
2021-12-01;14340;196;232;178287;621668
2021-12-02;14375;196;232;178287;621668
2021-12-03;14395;196;232;178287;621668
2021-12-06;14435;196;232;178287;621668
2021-12-07;14375;196;232;178287;621668
2021-12-08;14355;196;232;178287;621668
2021-12-09;14350;196;232;178287;621668
2021-12-10;14370;196;232;178287;621668
2021-12-13;14340;196;232;178287;621668
2021-12-14;14330;196;232;178287;621668
2021-12-15;14330;196;232;178287;621668
2021-12-16;14340;196;232;178287;621668
2021-12-17;14365;196;232;178287;621668
2021-12-20;14375;196;232;178287;621668
2021-12-21;14313;196;232;178287;621668
2021-12-22;14285;196;232;178287;621668
2021-12-23;14247;196;232;178287;621668
2021-12-24;14220;196;232;178287;621668
2021-12-27;14225;196;232;178287;621668
2021-12-28;14225;196;232;178287;621668
2021-12-29;14250;196;232;178287;621668
2021-12-30;14265;196;232;178287;621668
2021-12-31;14250;196;232;178287;621668
2022-01-03;14264;237;292;183231;646674
2022-01-04;14300;237;292;183231;646674
2022-01-05;14355;237;292;183231;646674
2022-01-06;14390;237;292;183231;646674
2022-01-07;14355;237;292;183231;646674
2022-01-10;14305;237;292;183231;646674
2022-01-11;14300;237;292;183231;646674
2022-01-12;14315;237;292;183231;646674
2022-01-13;14290;237;292;183231;646674
2022-01-14;14295;237;292;183231;646674
2022-01-17;14315;237;292;183231;646674
2022-01-18;14335;237;292;183231;646674
2022-01-19;14360;237;292;183231;646674
2022-01-20;14335;237;292;183231;646674
2022-01-21;14335;237;292;183231;646674
2022-01-24;14340;237;292;183231;646674
2022-01-25;14350;237;292;183231;646674
2022-01-26;14350;237;292;183231;646674
2022-01-27;14385;237;292;183231;646674
2022-01-28;14385;237;292;183231;646674
2022-01-31;14380;237;292;183231;646674
2022-02-02;14355;237;292;183231;646674
2022-02-03;14375;237;292;183231;646674
2022-02-04;14378;237;292;183231;646674
2022-02-07;14395;237;292;183231;646674
2022-02-08;14390;237;292;183231;646674
2022-02-09;14355;237;292;183231;646674
2022-02-10;14340;237;292;183231;646674
2022-02-11;14350;237;292;183231;646674
2022-02-14;14325;237;292;183231;646674
2022-02-15;14300;237;292;183231;646674
2022-02-16;14255;237;292;183231;646674
2022-02-17;14315;237;292;183231;646674
2022-02-18;14325;237;292;183231;646674
2022-02-21;14325;237;292;183231;646674
2022-02-22;14361;237;292;183231;646674
2022-02-23;14335;237;292;183231;646674
2022-02-24;14380;237;292;183231;646674
2022-02-25;14365;237;292;183231;646674
2022-03-01;14335;237;292;183231;646674
2022-03-02;14385;237;292;183231;646674
2022-03-04;14385;237;292;183231;646674
2022-03-07;14405;237;292;183231;646674
2022-03-08;14395;237;292;183231;646674
2022-03-09;14345;237;292;183231;646674
2022-03-10;14275;237;292;183231;646674
2022-03-11;14300;237;292;183231;646674
2022-03-14;14330;237;292;183231;646674
2022-03-15;14325;237;292;183231;646674
2022-03-16;14310;237;292;183231;646674
2022-03-17;14300;237;292;183231;646674
2022-03-18;14340;237;292;183231;646674
2022-03-21;14338;237;292;183231;646674
2022-03-22;14356;237;292;183231;646674
2022-03-23;14345;237;292;183231;646674
2022-03-24;14344;237;292;183231;646674
2022-03-25;14340;237;292;183231;646674
2022-03-28;14362;237;292;183231;646674
2022-03-29;14363;237;292;183231;646674
2022-03-30;14340;237;292;183231;646674
2022-03-31;14368;237;292;183231;646674
2022-04-01;14365;237;292;183231;646674
2022-04-04;14353;237;292;183231;646674
2022-04-05;14345;237;292;183231;646674
2022-04-06;14355;237;292;183231;646674
2022-04-07;14358;237;292;183231;646674
2022-04-08;14360;237;292;183231;646674
2022-04-11;14365;237;292;183231;646674
2022-04-12;14360;237;292;183231;646674
2022-04-13;14362;237;292;183231;646674
2022-04-14;14343;237;292;183231;646674
2022-04-18;14353;237;292;183231;646674
2022-04-19;14335;237;292;183231;646674
2022-04-20;14355;237;292;183231;646674
2022-04-21;14343;237;292;183231;646674
2022-04-22;14356;237;292;183231;646674
2022-04-25;14455;237;292;183231;646674
2022-04-26;14410;237;292;183231;646674
2022-04-27;14420;237;292;183231;646674
2022-04-28;14495;237;292;183231;646674
2022-05-09;14555;237;292;183231;646674
2022-05-10;14555;237;292;183231;646674
2022-05-11;14555;237;292;183231;646674
2022-05-12;14595;237;292;183231;646674
2022-05-13;14610;237;292;183231;646674
2022-05-17;14645;237;292;183231;646674
2022-05-18;14685;237;292;183231;646674
2022-05-19;14730;237;292;183231;646674
2022-05-20;14650;237;292;183231;646674
2022-05-23;14670;237;292;183231;646674
2022-05-24;14655;237;292;183231;646674
2022-05-25;14630;237;292;183231;646674
2022-05-27;14575;237;292;183231;646674
2022-05-30;14557;237;292;183231;646674
2022-05-31;14580;237;292;183231;646674
2022-06-02;14480;237;292;183231;646674
2022-06-03;14435;237;292;183231;646674
2022-06-06;14450;237;292;183231;646674
2022-06-07;14454;237;292;183231;646674
2022-06-08;14490;237;292;183231;646674
2022-06-09;14560;237;292;183231;646674
2022-06-10;14550;237;292;183231;646674
2022-06-13;14678;237;292;183231;646674
2022-06-14;14695;237;292;183231;646674
2022-06-15;14740;237;292;183231;646674
2022-06-16;14765;237;292;183231;646674
2022-06-17;14821;237;292;183231;646674
2022-06-20;14830;237;292;183231;646674
2022-06-21;14810;237;292;183231;646674
2022-06-22;14865;237;292;183231;646674
2022-06-23;14835;237;292;183231;646674
2022-06-24;14845;237;292;183231;646674
2022-06-27;14800;237;292;183231;646674
2022-06-28;14835;237;292;183231;646674
2022-06-29;14849;237;292;183231;646674
2022-06-30;14895;237;292;183231;646674
2022-07-01;14935;237;292;183231;646674
2022-07-04;14965;237;292;183231;646674
2022-07-05;14985;237;292;183231;646674
2022-07-06;14995;237;292;183231;646674
2022-07-07;14995;237;292;183231;646674
2022-07-08;14975;237;292;183231;646674
2022-07-11;14970;237;292;183231;646674
2022-07-12;14985;237;292;183231;646674
2022-07-13;14985;237;292;183231;646674
2022-07-14;14990;237;292;183231;646674
2022-07-15;14990;237;292;183231;646674
2022-07-18;14982;237;292;183231;646674
2022-07-19;14975;237;292;183231;646674
2022-07-20;14985;237;292;183231;646674
2022-07-21;15030;237;292;183231;646674
2022-07-22;15015;237;292;183231;646674
2022-07-25;14995;237;292;183231;646674
2022-07-26;14995;237;292;183231;646674
2022-07-27;15010;237;292;183231;646674
2022-07-28;14930;237;292;183231;646674
2022-07-29;14830;237;292;183231;646674
2022-08-01;14870;237;292;183231;646674
2022-08-02;14890;237;292;183231;646674
2022-08-03;14910;237;292;183231;646674
2022-08-04;14930;237;292;183231;646674
2022-08-05;14890;237;292;183231;646674
2022-08-08;14875;237;292;183231;646674
2022-08-09;14850;237;292;183231;646674
2022-08-10;14870;237;292;183231;646674
2022-08-11;14765;237;292;183231;646674
2022-08-12;14665;237;292;183231;646674
2022-08-15;14740;237;292;183231;646674
2022-08-16;14765;237;292;183231;646674
2022-08-18;14830;237;292;183231;646674
2022-08-19;14835;237;292;183231;646674
2022-08-22;14885;237;292;183231;646674
2022-08-23;14835;237;292;183231;646674
2022-08-24;14845;237;292;183231;646674
2022-08-25;14820;237;292;183231;646674
2022-08-26;14815;237;292;183231;646674
2022-08-29;14895;237;292;183231;646674
2022-08-30;14840;237;292;183231;646674
2022-08-31;14840;237;292;183231;646674
2022-09-01;14880;237;292;183231;646674
2022-09-02;14895;237;292;183231;646674
2022-09-05;14900;237;292;183231;646674
2022-09-06;14885;237;292;183231;646674
2022-09-07;14915;237;292;183231;646674
2022-09-08;14895;237;292;183231;646674
2022-09-09;14828;237;292;183231;646674
2022-09-12;14840;237;292;183231;646674
2022-09-13;14850;237;292;183231;646674
2022-09-14;14905;237;292;183231;646674
2022-09-15;14895;237;292;183231;646674
2022-09-16;14950;237;292;183231;646674
2022-09-19;14975;237;292;183231;646674
2022-09-20;14980;237;292;183231;646674
2022-09-21;14995;237;292;183231;646674
2022-09-22;15015;237;292;183231;646674
2022-09-23;15035;237;292;183231;646674
2022-09-26;15125;237;292;183231;646674
2022-09-27;15120;237;292;183231;646674
2022-09-28;15260;237;292;183231;646674
2022-09-29;15260;237;292;183231;646674
2022-09-30;15225;237;292;183231;646674
2022-10-03;15300;237;292;183231;646674
2022-10-04;15245;237;292;183231;646674
2022-10-05;15190;237;292;183231;646674
2022-10-06;15185;237;292;183231;646674
2022-10-07;15250;237;292;183231;646674
2022-10-10;15310;237;292;183231;646674
2022-10-11;15355;237;292;183231;646674
2022-10-12;15355;237;292;183231;646674
2022-10-13;15360;237;292;183231;646674
2022-10-14;15425;237;292;183231;646674
2022-10-17;15485;237;292;183231;646674
2022-10-18;15465;237;292;183231;646674
2022-10-19;15495;237;292;183231;646674
2022-10-20;15570;237;292;183231;646674
2022-10-21;15630;237;292;183231;646674
2022-10-24;15585;237;292;183231;646674
2022-10-25;15620;237;292;183231;646674
2022-10-26;15569;237;292;183231;646674
2022-10-27;15565;237;292;183231;646674
2022-10-28;15548;237;292;183231;646674
2022-10-31;15595;237;292;183231;646674
2022-11-01;15625;237;292;183231;646674
2022-11-02;15645;237;292;183231;646674
2022-11-03;15695;237;292;183231;646674
2022-11-04;15735;237;292;183231;646674
2022-11-07;15705;237;292;183231;646674
2022-11-08;15695;237;292;183231;646674
2022-11-09;15658;237;292;183231;646674
2022-11-10;15690;237;292;183231;646674
2022-11-11;15490;237;292;183231;646674
2022-11-14;15515;237;292;183231;646674
2022-11-15;15535;237;292;183231;646674
2022-11-16;15600;237;292;183231;646674
2022-11-17;15660;237;292;183231;646674
2022-11-18;15685;237;292;183231;646674
2022-11-21;15710;237;292;183231;646674
2022-11-22;15695;237;292;183231;646674
2022-11-23;15685;237;292;183231;646674
2022-11-24;15663;237;292;183231;646674
2022-11-25;15670;237;292;183231;646674
2022-11-28;15720;237;292;183231;646674
2022-11-29;15740;237;292;183231;646674
2022-11-30;15730;237;292;183231;646674
2022-12-01;15560;237;292;183231;646674
2022-12-02;15425;237;292;183231;646674
2022-12-05;15465;237;292;183231;646674
2022-12-06;15615;237;292;183231;646674
2022-12-07;15635;237;292;183231;646674
2022-12-08;15620;237;292;183231;646674
2022-12-09;15582;237;292;183231;646674
2022-12-12;15625;237;292;183231;646674
2022-12-13;15655;237;292;183231;646674
2022-12-14;15590;237;292;183231;646674
2022-12-15;15615;237;292;183231;646674
2022-12-16;15595;237;292;183231;646674
2022-12-19;15595;237;292;183231;646674
2022-12-20;15600;237;292;183231;646674
2022-12-21;15585;237;292;183231;646674
2022-12-22;15580;237;292;183231;646674
2022-12-23;15590;237;292;183231;646674
2022-12-26;15630;237;292;183231;646674
2022-12-27;15660;237;292;183231;646674
2022-12-28;15700;237;292;183231;646674
2022-12-29;15655;237;292;183231;646674
2022-12-30;15565;237;292;183231;646674
2023-01-02;15570;222;259;197971;701798
2023-01-03;15595;222;259;197971;701798
2023-01-04;15585;222;259;197971;701798
2023-01-05;15605;222;259;197971;701798
2023-01-06;15630;222;259;197971;701798
2023-01-09;15565;222;259;197971;701798
2023-01-10;15570;222;259;197971;701798
2023-01-11;15480;222;259;197971;701798
2023-01-12;15336;222;259;197971;701798
2023-01-13;15140;222;259;197971;701798
2023-01-16;15040;222;259;197971;701798
2023-01-17;15160;222;259;197971;701798
2023-01-18;15085;222;259;197971;701798
2023-01-19;15100;222;259;197971;701798
2023-01-20;15070;222;259;197971;701798
2023-01-24;14885;222;259;197971;701798
2023-01-25;14960;222;259;197971;701798
2023-01-26;14945;222;259;197971;701798
2023-01-27;14980;222;259;197971;701798
2023-01-30;14965;222;259;197971;701798
2023-01-31;14985;222;259;197971;701798
2023-02-01;14970;222;259;197971;701798
2023-02-02;14875;222;259;197971;701798
2023-02-03;14890;222;259;197971;701798
2023-02-06;15050;222;259;197971;701798
2023-02-07;15140;222;259;197971;701798
2023-02-08;15095;222;259;197971;701798
2023-02-09;15090;222;259;197971;701798
2023-02-10;15130;222;259;197971;701798
2023-02-13;15190;222;259;197971;701798
2023-02-14;15155;222;259;197971;701798
2023-02-15;15200;222;259;197971;701798
2023-02-16;15153;222;259;197971;701798
2023-02-17;15200;222;259;197971;701798
2023-02-20;15155;222;259;197971;701798
2023-02-21;15185;222;259;197971;701798
2023-02-22;15200;222;259;197971;701798
2023-02-23;15185;222;259;197971;701798
2023-02-24;15220;222;259;197971;701798
2023-02-27;15265;222;259;197971;701798
2023-02-28;15245;222;259;197971;701798
2023-03-01;15230;222;259;197971;701798
2023-03-02;15275;222;259;197971;701798
2023-03-03;15295;222;259;197971;701798
2023-03-06;15290;222;259;197971;701798
2023-03-07;15345;222;259;197971;701798
2023-03-08;15430;222;259;197971;701798
2023-03-09;15420;222;259;197971;701798
2023-03-10;15445;222;259;197971;701798
2023-03-13;15360;222;259;197971;701798
2023-03-14;15380;222;259;197971;701798
2023-03-15;15360;222;259;197971;701798
2023-03-16;15375;222;259;197971;701798
2023-03-17;15340;222;259;197971;701798
2023-03-20;15355;222;259;197971;701798
2023-03-21;15340;222;259;197971;701798
2023-03-24;15150;222;259;197971;701798
2023-03-27;15155;222;259;197971;701798
2023-03-28;15085;222;259;197971;701798
2023-03-29;15060;222;259;197971;701798
2023-03-30;15045;222;259;197971;701798
2023-03-31;14990;222;259;197971;701798
2023-04-03;14965;222;259;197971;701798
2023-04-04;14895;222;259;197971;701798
2023-04-05;14920;222;259;197971;701798
2023-04-06;14910;222;259;197971;701798
2023-04-10;14899;222;259;197971;701798
2023-04-11;14881;222;259;197971;701798
2023-04-12;14875;222;259;197971;701798
2023-04-13;14750;222;259;197971;701798
2023-04-14;14695;222;259;197971;701798
2023-04-17;14785;222;259;197971;701798
2023-04-18;14840;222;259;197971;701798
2023-04-26;14830;222;259;197971;701798
2023-04-27;14700;222;259;197971;701798
2023-04-28;14665;222;259;197971;701798
2023-05-02;14700;222;259;197971;701798
2023-05-03;14680;222;259;197971;701798
2023-05-04;14675;222;259;197971;701798
2023-05-05;14670;222;259;197971;701798
2023-05-08;14695;222;259;197971;701798
2023-05-09;14725;222;259;197971;701798
2023-05-10;14720;222;259;197971;701798
2023-05-11;14720;222;259;197971;701798
2023-05-12;14745;222;259;197971;701798
2023-05-15;14795;222;259;197971;701798
2023-05-16;14815;222;259;197971;701798
2023-05-17;14860;222;259;197971;701798
2023-05-18;14923;222;259;197971;701798
2023-05-19;14920;222;259;197971;701798
2023-05-22;14885;222;259;197971;701798
2023-05-23;14875;222;259;197971;701798
2023-05-24;14895;222;259;197971;701798
2023-05-25;14945;222;259;197971;701798
2023-05-26;14950;222;259;197971;701798
2023-05-29;14965;222;259;197971;701798
2023-05-30;14980;222;259;197971;701798
2023-05-31;14985;222;259;197971;701798
2023-06-01;14914;222;259;197971;701798
2023-06-02;14902;222;259;197971;701798
2023-06-05;14885;222;259;197971;701798
2023-06-06;14855;222;259;197971;701798
2023-06-07;14875;222;259;197971;701798
2023-06-08;14890;222;259;197971;701798
2023-06-09;14835;222;259;197971;701798
2023-06-12;14860;222;259;197971;701798
2023-06-13;14855;222;259;197971;701798
2023-06-14;14895;222;259;197971;701798
2023-06-15;14940;222;259;197971;701798
2023-06-16;14930;222;259;197971;701798
2023-06-19;14990;222;259;197971;701798
2023-06-20;14995;222;259;197971;701798
2023-06-21;14940;222;259;197971;701798
2023-06-22;14935;222;259;197971;701798
2023-06-23;14990;222;259;197971;701798
2023-06-26;15010;222;259;197971;701798
2023-06-27;14990;222;259;197971;701798
2023-06-28;14987;222;259;197971;701798
2023-06-29;15071;222;259;197971;701798
2023-06-30;15040;222;259;197971;701798
2023-07-03;15020;222;259;197971;701798
2023-07-04;14990;222;259;197971;701798
2023-07-05;15010;222;259;197971;701798
2023-07-06;15040;222;259;197971;701798
2023-07-07;15130;222;259;197971;701798
2023-07-10;15190;222;259;197971;701798
2023-07-11;15135;222;259;197971;701798
2023-07-12;15075;222;259;197971;701798
2023-07-13;14965;222;259;197971;701798
2023-07-14;14955;222;259;197971;701798
2023-07-17;15000;222;259;197971;701798
2023-07-18;14990;222;259;197971;701798
2023-07-19;14999;222;259;197971;701798
2023-07-20;14985;222;259;197971;701798
2023-07-21;15020;222;259;197971;701798
2023-07-24;15020;222;259;197971;701798
2023-07-25;14990;222;259;197971;701798
2023-07-26;15015;222;259;197971;701798
2023-07-27;14995;222;259;197971;701798
2023-07-28;15090;222;259;197971;701798
2023-07-31;15075;222;259;197971;701798
2023-08-01;15110;222;259;197971;701798
2023-08-02;15170;222;259;197971;701798
2023-08-03;15180;222;259;197971;701798
2023-08-04;15165;222;259;197971;701798
2023-08-07;15180;222;259;197971;701798
2023-08-08;15215;222;259;197971;701798
2023-08-09;15190;222;259;197971;701798
2023-08-10;15180;222;259;197971;701798
2023-08-11;15210;222;259;197971;701798
2023-08-14;15310;222;259;197971;701798
2023-08-15;15335;222;259;197971;701798
2023-08-16;15280;222;259;197971;701798
2023-08-17;15361;222;259;197971;701798
2023-08-18;15280;222;259;197971;701798
2023-08-21;15320;222;259;197971;701798
2023-08-22;15310;222;259;197971;701798
2023-08-23;15290;222;259;197971;701798
2023-08-24;15240;222;259;197971;701798
2023-08-25;15290;222;259;197971;701798
2023-08-28;15285;222;259;197971;701798
2023-08-29;15255;222;259;197971;701798
2023-08-30;15235;222;259;197971;701798
2023-08-31;15225;222;259;197971;701798
2023-09-01;15235;222;259;197971;701798
2023-09-04;15235;222;259;197971;701798
2023-09-05;15260;222;259;197971;701798
2023-09-06;15290;222;259;197971;701798
2023-09-07;15320;222;259;197971;701798
2023-09-08;15320;222;259;197971;701798
2023-09-11;15320;222;259;197971;701798
2023-09-12;15335;222;259;197971;701798
2023-09-13;15365;222;259;197971;701798
2023-09-14;15350;222;259;197971;701798
2023-09-15;15350;222;259;197971;701798
2023-09-18;15365;222;259;197971;701798
2023-09-19;15375;222;259;197971;701798
2023-09-20;15375;222;259;197971;701798
2023-09-21;15370;222;259;197971;701798
2023-09-22;15370;222;259;197971;701798
2023-09-25;15395;222;259;197971;701798
2023-09-26;15485;222;259;197971;701798
2023-09-27;15515;222;259;197971;701798
2023-09-28;15481;222;259;197971;701798
2023-09-29;15450;222;259;197971;701798
2023-10-02;15525;222;259;197971;701798
2023-10-03;15575;222;259;197971;701798
2023-10-04;15625;222;259;197971;701798
2023-10-05;15610;222;259;197971;701798
2023-10-06;15605;222;259;197971;701798
2023-10-09;15685;222;259;197971;701798
2023-10-10;15730;222;259;197971;701798
2023-10-11;15690;222;259;197971;701798
2023-10-12;15685;222;259;197971;701798
2023-10-13;15680;222;259;197971;701798
2023-10-16;15715;222;259;197971;701798
2023-10-17;15710;222;259;197971;701798
2023-10-18;15725;222;259;197971;701798
2023-10-19;15810;222;259;197971;701798
2023-10-20;15870;222;259;197971;701798
2023-10-23;15930;222;259;197971;701798
2023-10-24;15845;222;259;197971;701798
2023-10-25;15865;222;259;197971;701798
2023-10-26;15915;222;259;197971;701798
2023-10-27;15935;222;259;197971;701798
2023-10-30;15885;222;259;197971;701798
2023-10-31;15880;222;259;197971;701798
2023-11-01;15930;222;259;197971;701798
2023-11-02;15850;222;259;197971;701798
2023-11-03;15725;222;259;197971;701798
2023-11-06;15535;222;259;197971;701798
2023-11-07;15625;222;259;197971;701798
2023-11-08;15645;222;259;197971;701798
2023-11-09;15650;222;259;197971;701798
2023-11-10;15690;222;259;197971;701798
2023-11-13;15695;222;259;197971;701798
2023-11-14;15690;222;259;197971;701798
2023-11-15;15530;222;259;197971;701798
2023-11-16;15540;222;259;197971;701798
2023-11-17;15490;222;259;197971;701798
2023-11-20;15440;222;259;197971;701798
2023-11-21;15435;222;259;197971;701798
2023-11-22;15570;222;259;197971;701798
2023-11-23;15550;222;259;197971;701798
2023-11-24;15560;222;259;197971;701798
2023-11-27;15490;222;259;197971;701798
2023-11-28;15430;222;259;197971;701798
2023-11-29;15390;222;259;197971;701798
2023-11-30;15505;222;259;197971;701798
2023-12-01;15480;222;259;197971;701798
2023-12-04;15450;222;259;197971;701798
2023-12-05;15500;222;259;197971;701798
2023-12-06;15490;222;259;197971;701798
2023-12-07;15510;222;259;197971;701798
2023-12-08;15505;222;259;197971;701798
2023-12-11;15610;222;259;197971;701798
2023-12-12;15615;222;259;197971;701798
2023-12-13;15655;222;259;197971;701798
2023-12-14;15495;222;259;197971;701798
2023-12-15;15490;222;259;197971;701798
2023-12-18;15505;222;259;197971;701798
2023-12-19;15500;222;259;197971;701798
2023-12-20;15505;222;259;197971;701798
2023-12-21;15520;222;259;197971;701798
2023-12-22;15480;222;259;197971;701798
2023-12-25;15467;222;259;197971;701798
2023-12-26;15407;222;259;197971;701798
2023-12-27;15425;222;259;197971;701798
2023-12-28;15415;222;259;197971;701798
2023-12-29;15395;222;259;197971;701798
